epoc (ms),timestamp (-0400),elapsed (s),x-axis (deg/s),y-axis (deg/s),z-axis (deg/s)
1.72974E+12,2024-10-23T22.30.10.426,0,0.061,1.28,-1.28
1.72974E+12,2024-10-23T22.30.10.436,0.01,-0.061,0.915,-0.915
1.72974E+12,2024-10-23T22.30.10.446,0.02,0.244,1.098,-0.976
1.72974E+12,2024-10-23T22.30.10.456,0.03,0.488,0.976,-0.915
1.72974E+12,2024-10-23T22.30.10.466,0.04,0.61,0.915,-1.098
1.72974E+12,2024-10-23T22.30.10.476,0.05,0.549,0.732,-1.22
1.72974E+12,2024-10-23T22.30.10.486,0.06,0.732,0.549,-1.402
1.72974E+12,2024-10-23T22.30.10.496,0.07,0.976,0.732,-1.524
1.72974E+12,2024-10-23T22.30.10.506,0.08,1.037,0.488,-1.463
1.72974E+12,2024-10-23T22.30.10.516,0.09,1.22,0.366,-1.463
1.72974E+12,2024-10-23T22.30.10.526,0.1,1.402,0.427,-1.524
1.72974E+12,2024-10-23T22.30.10.536,0.11,1.341,0.305,-1.402
1.72974E+12,2024-10-23T22.30.10.546,0.12,1.341,-0.122,-1.159
1.72974E+12,2024-10-23T22.30.10.556,0.13,1.22,-0.854,-0.915
1.72974E+12,2024-10-23T22.30.10.566,0.14,1.159,-0.793,-0.976
1.72974E+12,2024-10-23T22.30.10.576,0.15,1.22,0.061,-1.341
1.72974E+12,2024-10-23T22.30.10.586,0.16,1.28,0.061,-1.463
1.72974E+12,2024-10-23T22.30.10.596,0.17,1.098,-0.793,-1.463
1.72974E+12,2024-10-23T22.30.10.606,0.18,1.28,-1.402,-1.463
1.72974E+12,2024-10-23T22.30.10.616,0.19,1.707,-2.256,-1.159
1.72974E+12,2024-10-23T22.30.10.626,0.2,2.073,-2.317,-0.671
1.72974E+12,2024-10-23T22.30.10.636,0.21,2.5,-1.646,-0.122
1.72974E+12,2024-10-23T22.30.10.646,0.22,2.561,-0.976,0.549
1.72974E+12,2024-10-23T22.30.10.656,0.23,2.439,-0.305,1.22
1.72974E+12,2024-10-23T22.30.10.666,0.24,2.134,0.488,1.768
1.72974E+12,2024-10-23T22.30.10.676,0.25,1.524,1.159,1.768
1.72974E+12,2024-10-23T22.30.10.686,0.26,0.793,1.585,1.524
1.72974E+12,2024-10-23T22.30.10.696,0.27,-0.183,1.951,0.854
1.72974E+12,2024-10-23T22.30.10.706,0.28,-0.976,2.134,0
1.72974E+12,2024-10-23T22.30.10.716,0.29,-1.646,2.134,-0.976
1.72974E+12,2024-10-23T22.30.10.726,0.3,-2.317,2.256,-1.707
1.72974E+12,2024-10-23T22.30.10.736,0.31,-2.561,2.439,-2.256
1.72974E+12,2024-10-23T22.30.10.746,0.32,-2.561,2.256,-2.622
1.72974E+12,2024-10-23T22.30.10.756,0.33,-2.5,1.951,-2.927
1.72974E+12,2024-10-23T22.30.10.766,0.34,-2.012,1.524,-3.232
1.72974E+12,2024-10-23T22.30.10.776,0.35,-1.463,1.159,-3.354
1.72974E+12,2024-10-23T22.30.10.786,0.36,-0.854,1.098,-3.72
1.72974E+12,2024-10-23T22.30.10.796,0.37,-0.427,0.671,-4.024
1.72974E+12,2024-10-23T22.30.10.806,0.38,-0.183,-0.305,-4.207
1.72974E+12,2024-10-23T22.30.10.816,0.39,0.122,-1.098,-4.451
1.72974E+12,2024-10-23T22.30.10.826,0.4,0.488,-1.402,-4.695
1.72974E+12,2024-10-23T22.30.10.836,0.41,0.732,-1.463,-4.817
1.72974E+12,2024-10-23T22.30.10.846,0.42,0.732,-1.22,-4.939
1.72974E+12,2024-10-23T22.30.10.856,0.43,0.793,-0.976,-5.061
1.72974E+12,2024-10-23T22.30.10.866,0.44,0.671,-1.098,-5
1.72974E+12,2024-10-23T22.30.10.876,0.45,0.549,-1.037,-5
1.72974E+12,2024-10-23T22.30.10.886,0.46,0.427,-0.793,-5.122
1.72974E+12,2024-10-23T22.30.10.896,0.47,0.366,-0.671,-5.183
1.72974E+12,2024-10-23T22.30.10.906,0.48,0.305,-0.61,-5.183
1.72974E+12,2024-10-23T22.30.10.916,0.49,0.366,-0.549,-5.244
1.72974E+12,2024-10-23T22.30.10.926,0.5,0.244,-0.366,-5.305
1.72974E+12,2024-10-23T22.30.10.936,0.51,0.366,-0.244,-5.244
1.72974E+12,2024-10-23T22.30.10.946,0.52,0.305,-0.244,-5.183
1.72974E+12,2024-10-23T22.30.10.956,0.53,0.549,-0.244,-5.122
1.72974E+12,2024-10-23T22.30.10.966,0.54,0.671,-0.244,-5.061
1.72974E+12,2024-10-23T22.30.10.976,0.55,0.793,-0.305,-4.756
1.72974E+12,2024-10-23T22.30.10.986,0.56,1.098,-0.244,-4.634
1.72974E+12,2024-10-23T22.30.10.996,0.57,1.22,-0.122,-4.451
1.72974E+12,2024-10-23T22.30.11.006,0.58,1.402,-0.183,-4.268
1.72974E+12,2024-10-23T22.30.11.016,0.59,1.463,-0.305,-4.024
1.72974E+12,2024-10-23T22.30.11.026,0.6,1.341,-0.305,-3.72
1.72974E+12,2024-10-23T22.30.11.036,0.61,1.28,-0.427,-3.354
1.72974E+12,2024-10-23T22.30.11.046,0.62,1.28,-0.366,-3.171
1.72974E+12,2024-10-23T22.30.11.056,0.63,1.159,-0.427,-2.927
1.72974E+12,2024-10-23T22.30.11.066,0.64,1.098,-0.366,-2.805
1.72974E+12,2024-10-23T22.30.11.076,0.65,0.976,-0.427,-2.683
1.72974E+12,2024-10-23T22.30.11.086,0.66,0.732,-0.61,-2.683
1.72974E+12,2024-10-23T22.30.11.096,0.67,0.549,-0.549,-2.805
1.72974E+12,2024-10-23T22.30.11.106,0.68,0.427,-0.61,-2.927
1.72974E+12,2024-10-23T22.30.11.116,0.69,0.366,-0.671,-2.805
1.72974E+12,2024-10-23T22.30.11.126,0.7,0.305,-0.732,-2.744
1.72974E+12,2024-10-23T22.30.11.136,0.71,0.305,-0.671,-2.561
1.72974E+12,2024-10-23T22.30.11.146,0.72,0.244,-1.037,-2.073
1.72974E+12,2024-10-23T22.30.11.156,0.73,0.122,-1.037,-1.707
1.72974E+12,2024-10-23T22.30.11.166,0.74,0.183,-0.305,-1.829
1.72974E+12,2024-10-23T22.30.11.176,0.75,0.122,-0.061,-1.89
1.72974E+12,2024-10-23T22.30.11.186,0.76,-0.122,-0.915,-1.585
1.72974E+12,2024-10-23T22.30.11.196,0.77,-0.244,-1.89,-1.463
1.72974E+12,2024-10-23T22.30.11.206,0.78,-0.183,-2.805,-1.28
1.72974E+12,2024-10-23T22.30.11.216,0.79,0.305,-3.049,-1.28
1.72974E+12,2024-10-23T22.30.11.226,0.8,0.366,-2.744,-1.22
1.72974E+12,2024-10-23T22.30.11.236,0.81,0.61,-2.683,-0.732
1.72974E+12,2024-10-23T22.30.11.246,0.82,0.854,-2.866,-0.122
1.72974E+12,2024-10-23T22.30.11.256,0.83,1.037,-3.415,0.366
1.72974E+12,2024-10-23T22.30.11.266,0.84,1.159,-4.207,0.732
1.72974E+12,2024-10-23T22.30.11.276,0.85,1.22,-5.122,0.854
1.72974E+12,2024-10-23T22.30.11.286,0.86,1.28,-6.463,0.671
1.72974E+12,2024-10-23T22.30.11.296,0.87,1.402,-7.683,0.122
1.72974E+12,2024-10-23T22.30.11.306,0.88,1.646,-9.268,-0.427
1.72974E+12,2024-10-23T22.30.11.316,0.89,2.012,-11.159,-0.915
1.72974E+12,2024-10-23T22.30.11.326,0.9,2.439,-13.415,-1.28
1.72974E+12,2024-10-23T22.30.11.336,0.91,2.866,-16.159,-1.524
1.72974E+12,2024-10-23T22.30.11.346,0.92,3.598,-19.268,-1.585
1.72974E+12,2024-10-23T22.30.11.356,0.93,4.146,-23.171,-2.134
1.72974E+12,2024-10-23T22.30.11.366,0.94,4.512,-28.049,-2.561
1.72974E+12,2024-10-23T22.30.11.376,0.95,4.695,-33.537,-2.988
1.72974E+12,2024-10-23T22.30.11.386,0.96,4.817,-38.598,-3.72
1.72974E+12,2024-10-23T22.30.11.396,0.97,4.512,-43.537,-4.878
1.72974E+12,2024-10-23T22.30.11.406,0.98,3.537,-49.085,-5.854
1.72974E+12,2024-10-23T22.30.11.416,0.99,2.439,-54.207,-6.524
1.72974E+12,2024-10-23T22.30.11.426,1,1.768,-58.537,-7.073
1.72974E+12,2024-10-23T22.30.11.436,1.01,1.098,-63.11,-6.951
1.72974E+12,2024-10-23T22.30.11.446,1.02,0.732,-67.561,-6.402
1.72974E+12,2024-10-23T22.30.11.456,1.03,0.61,-71.098,-5.915
1.72974E+12,2024-10-23T22.30.11.466,1.04,0.915,-73.72,-5.61
1.72974E+12,2024-10-23T22.30.11.476,1.05,1.159,-76.829,-5.183
1.72974E+12,2024-10-23T22.30.11.486,1.06,1.28,-80,-4.756
1.72974E+12,2024-10-23T22.30.11.496,1.07,1.646,-82.195,-4.695
1.72974E+12,2024-10-23T22.30.11.506,1.08,2.134,-83.659,-4.756
1.72974E+12,2024-10-23T22.30.11.516,1.09,2.927,-84.695,-4.756
1.72974E+12,2024-10-23T22.30.11.526,1.1,3.72,-85.183,-5.488
1.72974E+12,2024-10-23T22.30.11.536,1.11,4.695,-85.671,-6.585
1.72974E+12,2024-10-23T22.30.11.546,1.12,5.549,-86.22,-7.256
1.72974E+12,2024-10-23T22.30.11.556,1.13,6.28,-86.22,-8.049
1.72974E+12,2024-10-23T22.30.11.566,1.14,6.707,-84.878,-8.963
1.72974E+12,2024-10-23T22.30.11.576,1.15,7.134,-83.354,-9.39
1.72974E+12,2024-10-23T22.30.11.586,1.16,7.134,-82.866,-9.512
1.72974E+12,2024-10-23T22.30.11.596,1.17,6.707,-83.293,-8.963
1.72974E+12,2024-10-23T22.30.11.606,1.18,6.098,-82.744,-8.598
1.72974E+12,2024-10-23T22.30.11.616,1.19,5.732,-80.732,-8.476
1.72974E+12,2024-10-23T22.30.11.626,1.2,5.061,-78.354,-8.293
1.72974E+12,2024-10-23T22.30.11.636,1.21,3.537,-76.89,-8.293
1.72974E+12,2024-10-23T22.30.11.646,1.22,1.951,-76.098,-8.354
1.72974E+12,2024-10-23T22.30.11.656,1.23,0.366,-75.061,-8.78
1.72974E+12,2024-10-23T22.30.11.666,1.24,-0.854,-73.963,-9.329
1.72974E+12,2024-10-23T22.30.11.676,1.25,-1.89,-73.232,-9.695
1.72974E+12,2024-10-23T22.30.11.686,1.26,-2.683,-72.012,-10.122
1.72974E+12,2024-10-23T22.30.11.696,1.27,-3.476,-70.061,-10.488
1.72974E+12,2024-10-23T22.30.11.706,1.28,-4.085,-67.256,-10.366
1.72974E+12,2024-10-23T22.30.11.716,1.29,-4.329,-63.537,-10.305
1.72974E+12,2024-10-23T22.30.11.726,1.3,-4.329,-59.268,-10.61
1.72974E+12,2024-10-23T22.30.11.736,1.31,-4.207,-55.549,-11.22
1.72974E+12,2024-10-23T22.30.11.746,1.32,-4.024,-52.5,-11.89
1.72974E+12,2024-10-23T22.30.11.756,1.33,-3.841,-49.451,-13.293
1.72974E+12,2024-10-23T22.30.11.766,1.34,-3.598,-45.915,-14.573
1.72974E+12,2024-10-23T22.30.11.776,1.35,-2.988,-42.012,-15.305
1.72974E+12,2024-10-23T22.30.11.786,1.36,-2.378,-37.439,-15.854
1.72974E+12,2024-10-23T22.30.11.796,1.37,-1.951,-32.195,-16.402
1.72974E+12,2024-10-23T22.30.11.806,1.38,-1.707,-27.317,-16.829
1.72974E+12,2024-10-23T22.30.11.816,1.39,-1.524,-23.841,-16.707
1.72974E+12,2024-10-23T22.30.11.826,1.4,-1.707,-21.524,-15.915
1.72974E+12,2024-10-23T22.30.11.836,1.41,-1.89,-18.963,-15.122
1.72974E+12,2024-10-23T22.30.11.846,1.42,-1.829,-15.61,-14.207
1.72974E+12,2024-10-23T22.30.11.856,1.43,-1.707,-11.585,-12.805
1.72974E+12,2024-10-23T22.30.11.866,1.44,-1.646,-7.561,-11.037
1.72974E+12,2024-10-23T22.30.11.876,1.45,-1.28,-3.841,-9.268
1.72974E+12,2024-10-23T22.30.11.886,1.46,-0.854,-0.793,-7.561
1.72974E+12,2024-10-23T22.30.11.896,1.47,-0.61,1.585,-6.098
1.72974E+12,2024-10-23T22.30.11.906,1.48,-0.549,4.085,-5
1.72974E+12,2024-10-23T22.30.11.916,1.49,-0.61,6.707,-4.024
1.72974E+12,2024-10-23T22.30.11.926,1.5,-0.671,9.268,-3.11
1.72974E+12,2024-10-23T22.30.11.936,1.51,-0.671,11.585,-2.012
1.72974E+12,2024-10-23T22.30.11.946,1.52,-0.732,13.72,-0.854
1.72974E+12,2024-10-23T22.30.11.956,1.53,-0.549,15.671,0.366
1.72974E+12,2024-10-23T22.30.11.966,1.54,-0.488,17.134,1.829
1.72974E+12,2024-10-23T22.30.11.976,1.55,-0.549,18.293,3.11
1.72974E+12,2024-10-23T22.30.11.986,1.56,-0.244,19.878,3.963
1.72974E+12,2024-10-23T22.30.11.996,1.57,0.122,21.341,4.817
1.72974E+12,2024-10-23T22.30.12.006,1.58,0.488,22.561,5.61
1.72974E+12,2024-10-23T22.30.12.016,1.59,1.037,23.963,6.037
1.72974E+12,2024-10-23T22.30.12.026,1.6,1.951,25.793,6.463
1.72974E+12,2024-10-23T22.30.12.036,1.61,2.866,27.317,7.012
1.72974E+12,2024-10-23T22.30.12.046,1.62,3.902,28.354,7.805
1.72974E+12,2024-10-23T22.30.12.056,1.63,5.061,29.634,8.415
1.72974E+12,2024-10-23T22.30.12.066,1.64,6.22,31.098,8.963
1.72974E+12,2024-10-23T22.30.12.076,1.65,7.378,33.11,9.268
1.72974E+12,2024-10-23T22.30.12.086,1.66,8.537,35.427,9.451
1.72974E+12,2024-10-23T22.30.12.096,1.67,9.634,37.561,9.451
1.72974E+12,2024-10-23T22.30.12.106,1.68,10.366,39.268,9.268
1.72974E+12,2024-10-23T22.30.12.116,1.69,10.854,41.402,9.146
1.72974E+12,2024-10-23T22.30.12.126,1.7,11.28,44.329,8.72
1.72974E+12,2024-10-23T22.30.12.136,1.71,11.585,47.256,8.171
1.72974E+12,2024-10-23T22.30.12.146,1.72,11.28,49.268,7.805
1.72974E+12,2024-10-23T22.30.12.156,1.73,10.61,50.61,7.378
1.72974E+12,2024-10-23T22.30.12.166,1.74,9.268,52.317,6.524
1.72974E+12,2024-10-23T22.30.12.176,1.75,7.5,55.061,5.061
1.72974E+12,2024-10-23T22.30.12.186,1.76,5.183,59.207,2.988
1.72974E+12,2024-10-23T22.30.12.196,1.77,2.317,64.024,0.549
1.72974E+12,2024-10-23T22.30.12.206,1.78,-0.976,68.537,-1.829
1.72974E+12,2024-10-23T22.30.12.216,1.79,-3.963,72.317,-3.415
1.72974E+12,2024-10-23T22.30.12.226,1.8,-6.89,75.183,-4.207
1.72974E+12,2024-10-23T22.30.12.236,1.81,-9.634,76.768,-4.207
1.72974E+12,2024-10-23T22.30.12.246,1.82,-12.256,77.683,-3.232
1.72974E+12,2024-10-23T22.30.12.256,1.83,-14.695,78.354,-1.768
1.72974E+12,2024-10-23T22.30.12.266,1.84,-16.585,78.415,0.183
1.72974E+12,2024-10-23T22.30.12.276,1.85,-18.171,78.476,2.134
1.72974E+12,2024-10-23T22.30.12.286,1.86,-19.512,79.146,3.659
1.72974E+12,2024-10-23T22.30.12.296,1.87,-20.183,80.61,4.817
1.72974E+12,2024-10-23T22.30.12.306,1.88,-20.427,81.768,6.098
1.72974E+12,2024-10-23T22.30.12.316,1.89,-20.427,81.89,7.622
1.72974E+12,2024-10-23T22.30.12.326,1.9,-20.305,81.463,9.39
1.72974E+12,2024-10-23T22.30.12.336,1.91,-19.939,80.732,11.098
1.72974E+12,2024-10-23T22.30.12.346,1.92,-19.268,79.512,12.256
1.72974E+12,2024-10-23T22.30.12.356,1.93,-18.476,77.927,12.683
1.72974E+12,2024-10-23T22.30.12.366,1.94,-17.622,75.732,12.744
1.72974E+12,2024-10-23T22.30.12.376,1.95,-16.768,73.598,12.378
1.72974E+12,2024-10-23T22.30.12.386,1.96,-15.61,72.683,11.341
1.72974E+12,2024-10-23T22.30.12.396,1.97,-14.451,72.134,9.939
1.72974E+12,2024-10-23T22.30.12.406,1.98,-13.171,71.159,8.902
1.72974E+12,2024-10-23T22.30.12.416,1.99,-11.951,69.451,8.354
1.72974E+12,2024-10-23T22.30.12.426,2,-11.098,67.744,8.293
1.72974E+12,2024-10-23T22.30.12.436,2.01,-10.122,66.646,8.476
1.72974E+12,2024-10-23T22.30.12.446,2.02,-9.146,66.28,8.659
1.72974E+12,2024-10-23T22.30.12.456,2.03,-8.354,66.037,8.841
1.72974E+12,2024-10-23T22.30.12.466,2.04,-7.561,65.732,9.085
1.72974E+12,2024-10-23T22.30.12.476,2.05,-6.707,65.366,9.634
1.72974E+12,2024-10-23T22.30.12.486,2.06,-5.732,64.939,10.305
1.72974E+12,2024-10-23T22.30.12.496,2.07,-5.061,65.427,10.732
1.72974E+12,2024-10-23T22.30.12.506,2.08,-4.207,66.951,11.22
1.72974E+12,2024-10-23T22.30.12.516,2.09,-3.293,68.415,11.646
1.72974E+12,2024-10-23T22.30.12.526,2.1,-2.805,68.354,12.195
1.72974E+12,2024-10-23T22.30.12.536,2.11,-2.195,66.768,13.232
1.72974E+12,2024-10-23T22.30.12.546,2.12,-1.707,64.878,14.146
1.72974E+12,2024-10-23T22.30.12.556,2.13,-1.22,63.476,14.756
1.72974E+12,2024-10-23T22.30.12.566,2.14,-0.732,62.012,15.61
1.72974E+12,2024-10-23T22.30.12.576,2.15,-0.488,59.878,16.585
1.72974E+12,2024-10-23T22.30.12.586,2.16,-0.366,57.439,17.744
1.72974E+12,2024-10-23T22.30.12.596,2.17,-0.122,53.902,18.841
1.72974E+12,2024-10-23T22.30.12.606,2.18,-0.244,49.39,19.451
1.72974E+12,2024-10-23T22.30.12.616,2.19,-0.427,44.695,19.39
1.72974E+12,2024-10-23T22.30.12.626,2.2,-0.61,39.451,18.415
1.72974E+12,2024-10-23T22.30.12.636,2.21,-1.037,33.537,16.585
1.72974E+12,2024-10-23T22.30.12.646,2.22,-1.585,27.683,14.024
1.72974E+12,2024-10-23T22.30.12.656,2.23,-2.134,22.378,10.854
1.72974E+12,2024-10-23T22.30.12.666,2.24,-2.805,17.378,7.561
1.72974E+12,2024-10-23T22.30.12.676,2.25,-3.415,12.622,4.512
1.72974E+12,2024-10-23T22.30.12.686,2.26,-3.963,8.293,1.768
1.72974E+12,2024-10-23T22.30.12.696,2.27,-4.451,4.146,-0.244
1.72974E+12,2024-10-23T22.30.12.706,2.28,-4.817,0.427,-1.646
1.72974E+12,2024-10-23T22.30.12.716,2.29,-4.756,-2.622,-2.805
1.72974E+12,2024-10-23T22.30.12.726,2.3,-4.573,-4.756,-3.659
1.72974E+12,2024-10-23T22.30.12.736,2.31,-4.329,-6.89,-4.329
1.72974E+12,2024-10-23T22.30.12.746,2.32,-3.902,-9.39,-4.756
1.72974E+12,2024-10-23T22.30.12.756,2.33,-3.415,-11.463,-4.878
1.72974E+12,2024-10-23T22.30.12.766,2.34,-2.988,-12.805,-5.061
1.72974E+12,2024-10-23T22.30.12.776,2.35,-2.744,-13.415,-5.061
1.72974E+12,2024-10-23T22.30.12.786,2.36,-2.195,-13.72,-5
1.72974E+12,2024-10-23T22.30.12.796,2.37,-1.646,-13.598,-4.878
1.72974E+12,2024-10-23T22.30.12.806,2.38,-1.463,-13.232,-4.451
1.72974E+12,2024-10-23T22.30.12.816,2.39,-1.341,-12.927,-3.963
1.72974E+12,2024-10-23T22.30.12.826,2.4,-1.22,-12.439,-3.598
1.72974E+12,2024-10-23T22.30.12.836,2.41,-1.22,-11.89,-3.293
1.72974E+12,2024-10-23T22.30.12.846,2.42,-1.402,-11.585,-2.927
1.72974E+12,2024-10-23T22.30.12.856,2.43,-1.463,-11.585,-2.683
1.72974E+12,2024-10-23T22.30.12.866,2.44,-1.707,-11.646,-2.744
1.72974E+12,2024-10-23T22.30.12.876,2.45,-2.012,-11.707,-2.866
1.72974E+12,2024-10-23T22.30.12.886,2.46,-2.195,-11.463,-3.049
1.72974E+12,2024-10-23T22.30.12.896,2.47,-2.317,-11.037,-3.232
1.72974E+12,2024-10-23T22.30.12.906,2.48,-2.5,-10.427,-3.293
1.72974E+12,2024-10-23T22.30.12.916,2.49,-2.744,-9.512,-3.537
1.72974E+12,2024-10-23T22.30.12.926,2.5,-2.988,-8.354,-3.598
1.72974E+12,2024-10-23T22.30.12.936,2.51,-3.049,-7.134,-3.659
1.72974E+12,2024-10-23T22.30.12.946,2.52,-3.11,-5.915,-3.72
1.72974E+12,2024-10-23T22.30.12.956,2.53,-3.354,-4.878,-3.72
1.72974E+12,2024-10-23T22.30.12.966,2.54,-3.354,-4.146,-3.659
1.72974E+12,2024-10-23T22.30.12.976,2.55,-3.293,-3.354,-3.841
1.72974E+12,2024-10-23T22.30.12.986,2.56,-3.232,-2.683,-3.902
1.72974E+12,2024-10-23T22.30.12.996,2.57,-3.11,-2.195,-4.085
1.72974E+12,2024-10-23T22.30.13.006,2.58,-2.805,-1.524,-4.329
1.72974E+12,2024-10-23T22.30.13.016,2.59,-2.439,-0.793,-4.695
1.72974E+12,2024-10-23T22.30.13.026,2.6,-2.012,-0.366,-5.122
1.72974E+12,2024-10-23T22.30.13.036,2.61,-1.646,-0.549,-5.488
1.72974E+12,2024-10-23T22.30.13.046,2.62,-1.28,-1.037,-6.098
1.72974E+12,2024-10-23T22.30.13.056,2.63,-0.854,-1.463,-6.646
1.72974E+12,2024-10-23T22.30.13.066,2.64,-0.488,-1.951,-7.012
1.72974E+12,2024-10-23T22.30.13.076,2.65,-0.061,-3.049,-7.5
1.72974E+12,2024-10-23T22.30.13.086,2.66,0.183,-4.695,-7.744
1.72974E+12,2024-10-23T22.30.13.096,2.67,0.427,-6.585,-7.988
1.72974E+12,2024-10-23T22.30.13.106,2.68,0.793,-8.659,-8.293
1.72974E+12,2024-10-23T22.30.13.116,2.69,0.976,-10.793,-8.659
1.72974E+12,2024-10-23T22.30.13.126,2.7,1.159,-12.805,-9.024
1.72974E+12,2024-10-23T22.30.13.136,2.71,1.341,-14.817,-9.207
1.72974E+12,2024-10-23T22.30.13.146,2.72,1.22,-17.317,-9.268
1.72974E+12,2024-10-23T22.30.13.156,2.73,1.22,-20,-9.268
1.72974E+12,2024-10-23T22.30.13.166,2.74,1.341,-22.866,-9.39
1.72974E+12,2024-10-23T22.30.13.176,2.75,1.28,-26.28,-9.39
1.72974E+12,2024-10-23T22.30.13.186,2.76,0.976,-29.817,-9.329
1.72974E+12,2024-10-23T22.30.13.196,2.77,0.793,-33.354,-9.268
1.72974E+12,2024-10-23T22.30.13.206,2.78,0.732,-36.951,-9.085
1.72974E+12,2024-10-23T22.30.13.216,2.79,0.671,-40.488,-8.78
1.72974E+12,2024-10-23T22.30.13.226,2.8,0.976,-44.024,-8.476
1.72974E+12,2024-10-23T22.30.13.236,2.81,1.341,-47.988,-7.866
1.72974E+12,2024-10-23T22.30.13.246,2.82,1.89,-52.378,-7.439
1.72974E+12,2024-10-23T22.30.13.256,2.83,2.622,-56.707,-6.951
1.72974E+12,2024-10-23T22.30.13.266,2.84,3.537,-60.976,-6.463
1.72974E+12,2024-10-23T22.30.13.276,2.85,4.817,-64.634,-5.915
1.72974E+12,2024-10-23T22.30.13.286,2.86,6.037,-68.11,-5.366
1.72974E+12,2024-10-23T22.30.13.296,2.87,7.134,-72.012,-4.512
1.72974E+12,2024-10-23T22.30.13.306,2.88,8.354,-75.732,-3.232
1.72974E+12,2024-10-23T22.30.13.316,2.89,9.817,-77.988,-2.073
1.72974E+12,2024-10-23T22.30.13.326,2.9,11.28,-79.146,-1.098
1.72974E+12,2024-10-23T22.30.13.336,2.91,12.317,-80.488,-0.244
1.72974E+12,2024-10-23T22.30.13.346,2.92,12.744,-81.585,-0.122
1.72974E+12,2024-10-23T22.30.13.356,2.93,12.073,-82.317,-0.915
1.72974E+12,2024-10-23T22.30.13.366,2.94,10.061,-82.622,-2.866
1.72974E+12,2024-10-23T22.30.13.376,2.95,7.012,-82.683,-5.244
1.72974E+12,2024-10-23T22.30.13.386,2.96,3.415,-82.622,-8.11
1.72974E+12,2024-10-23T22.30.13.396,2.97,0.122,-83.537,-10.976
1.72974E+12,2024-10-23T22.30.13.406,2.98,-2.5,-86.28,-12.988
1.72974E+12,2024-10-23T22.30.13.416,2.99,-4.634,-90.61,-14.329
1.72974E+12,2024-10-23T22.30.13.426,3,-5.915,-94.207,-15.427
1.72974E+12,2024-10-23T22.30.13.436,3.01,-6.402,-95.61,-16.524
1.72974E+12,2024-10-23T22.30.13.446,3.02,-6.707,-95.244,-17.561
1.72974E+12,2024-10-23T22.30.13.456,3.03,-6.707,-94.085,-18.11
1.72974E+12,2024-10-23T22.30.13.466,3.04,-6.585,-92.256,-17.988
1.72974E+12,2024-10-23T22.30.13.476,3.05,-6.341,-89.268,-17.622
1.72974E+12,2024-10-23T22.30.13.486,3.06,-6.159,-86.402,-16.829
1.72974E+12,2024-10-23T22.30.13.496,3.07,-6.159,-84.085,-15.366
1.72974E+12,2024-10-23T22.30.13.506,3.08,-5.976,-82.012,-14.268
1.72974E+12,2024-10-23T22.30.13.516,3.09,-5.366,-81.402,-12.927
1.72974E+12,2024-10-23T22.30.13.526,3.1,-4.756,-81.28,-11.28
1.72974E+12,2024-10-23T22.30.13.536,3.11,-4.146,-80.244,-9.817
1.72974E+12,2024-10-23T22.30.13.546,3.12,-3.72,-78.415,-8.537
1.72974E+12,2024-10-23T22.30.13.556,3.13,-3.415,-76.524,-7.195
1.72974E+12,2024-10-23T22.30.13.566,3.14,-3.232,-74.451,-5.976
1.72974E+12,2024-10-23T22.30.13.576,3.15,-2.439,-72.256,-5.122
1.72974E+12,2024-10-23T22.30.13.586,3.16,-2.073,-70.549,-4.451
1.72974E+12,2024-10-23T22.30.13.596,3.17,-2.012,-68.902,-4.268
1.72974E+12,2024-10-23T22.30.13.606,3.18,-1.707,-66.402,-4.329
1.72974E+12,2024-10-23T22.30.13.616,3.19,-1.524,-63.049,-4.695
1.72974E+12,2024-10-23T22.30.13.626,3.2,-1.159,-58.78,-4.878
1.72974E+12,2024-10-23T22.30.13.636,3.21,-0.549,-54.024,-4.817
1.72974E+12,2024-10-23T22.30.13.646,3.22,0.305,-49.268,-4.878
1.72974E+12,2024-10-23T22.30.13.656,3.23,1.159,-45.427,-4.634
1.72974E+12,2024-10-23T22.30.13.666,3.24,1.951,-41.89,-4.268
1.72974E+12,2024-10-23T22.30.13.676,3.25,2.744,-37.073,-4.573
1.72974E+12,2024-10-23T22.30.13.686,3.26,3.232,-31.341,-5
1.72974E+12,2024-10-23T22.30.13.696,3.27,3.293,-26.037,-5.488
1.72974E+12,2024-10-23T22.30.13.706,3.28,2.988,-21.22,-5.732
1.72974E+12,2024-10-23T22.30.13.716,3.29,2.5,-16.707,-5.671
1.72974E+12,2024-10-23T22.30.13.726,3.3,2.012,-12.073,-5.366
1.72974E+12,2024-10-23T22.30.13.736,3.31,1.707,-6.951,-5.061
1.72974E+12,2024-10-23T22.30.13.746,3.32,1.341,-2.378,-4.634
1.72974E+12,2024-10-23T22.30.13.756,3.33,1.098,1.28,-4.329
1.72974E+12,2024-10-23T22.30.13.766,3.34,0.793,4.817,-4.39
1.72974E+12,2024-10-23T22.30.13.776,3.35,0.732,7.927,-4.329
1.72974E+12,2024-10-23T22.30.13.786,3.36,0.61,10.183,-4.329
1.72974E+12,2024-10-23T22.30.13.796,3.37,0.488,11.951,-4.146
1.72974E+12,2024-10-23T22.30.13.806,3.38,0.61,13.659,-3.78
1.72974E+12,2024-10-23T22.30.13.816,3.39,1.159,15.122,-3.232
1.72974E+12,2024-10-23T22.30.13.826,3.4,1.829,16.098,-2.439
1.72974E+12,2024-10-23T22.30.13.836,3.41,2.744,17.134,-1.341
1.72974E+12,2024-10-23T22.30.13.846,3.42,4.024,18.293,-0.183
1.72974E+12,2024-10-23T22.30.13.856,3.43,5.61,19.268,0.854
1.72974E+12,2024-10-23T22.30.13.866,3.44,7.134,19.817,1.768
1.72974E+12,2024-10-23T22.30.13.876,3.45,8.476,20.244,2.378
1.72974E+12,2024-10-23T22.30.13.886,3.46,9.573,21.402,2.622
1.72974E+12,2024-10-23T22.30.13.896,3.47,10.427,23.049,2.744
1.72974E+12,2024-10-23T22.30.13.906,3.48,11.037,24.756,2.866
1.72974E+12,2024-10-23T22.30.13.916,3.49,11.341,26.159,3.293
1.72974E+12,2024-10-23T22.30.13.926,3.5,11.646,26.707,4.268
1.72974E+12,2024-10-23T22.30.13.936,3.51,12.012,27.134,5.488
1.72974E+12,2024-10-23T22.30.13.946,3.52,12.317,28.232,6.768
1.72974E+12,2024-10-23T22.30.13.956,3.53,12.744,30.061,8.11
1.72974E+12,2024-10-23T22.30.13.966,3.54,13.11,32.5,9.146
1.72974E+12,2024-10-23T22.30.13.976,3.55,13.232,35,9.756
1.72974E+12,2024-10-23T22.30.13.986,3.56,13.415,37.256,9.878
1.72974E+12,2024-10-23T22.30.13.996,3.57,13.72,38.963,9.512
1.72974E+12,2024-10-23T22.30.14.006,3.58,13.963,40.061,9.024
1.72974E+12,2024-10-23T22.30.14.016,3.59,13.72,40.976,8.537
1.72974E+12,2024-10-23T22.30.14.026,3.6,13.476,41.585,7.988
1.72974E+12,2024-10-23T22.30.14.036,3.61,13.171,42.378,7.622
1.72974E+12,2024-10-23T22.30.14.046,3.62,12.683,43.78,7.256
1.72974E+12,2024-10-23T22.30.14.056,3.63,12.134,45.244,6.951
1.72974E+12,2024-10-23T22.30.14.066,3.64,11.402,46.098,6.89
1.72974E+12,2024-10-23T22.30.14.076,3.65,10.488,46.585,6.768
1.72974E+12,2024-10-23T22.30.14.086,3.66,9.695,47.439,6.341
1.72974E+12,2024-10-23T22.30.14.096,3.67,8.72,48.598,5.793
1.72974E+12,2024-10-23T22.30.14.106,3.68,7.195,49.695,4.878
1.72974E+12,2024-10-23T22.30.14.116,3.69,5.366,50.793,3.537
1.72974E+12,2024-10-23T22.30.14.126,3.7,3.171,51.402,1.951
1.72974E+12,2024-10-23T22.30.14.136,3.71,0.61,51.098,0.183
1.72974E+12,2024-10-23T22.30.14.146,3.72,-2.012,50.427,-1.524
1.72974E+12,2024-10-23T22.30.14.156,3.73,-4.39,50.488,-3.293
1.72974E+12,2024-10-23T22.30.14.166,3.74,-6.829,50.915,-4.939
1.72974E+12,2024-10-23T22.30.14.176,3.75,-9.329,51.22,-5.793
1.72974E+12,2024-10-23T22.30.14.186,3.76,-12.012,52.256,-6.098
1.72974E+12,2024-10-23T22.30.14.196,3.77,-14.268,54.878,-6.402
1.72974E+12,2024-10-23T22.30.14.206,3.78,-16.22,57.317,-5.854
1.72974E+12,2024-10-23T22.30.14.216,3.79,-18.11,58.598,-4.512
1.72974E+12,2024-10-23T22.30.14.226,3.8,-19.451,59.024,-2.927
1.72974E+12,2024-10-23T22.30.14.236,3.81,-20.305,58.354,-0.976
1.72974E+12,2024-10-23T22.30.14.246,3.82,-20.732,57.439,0.793
1.72974E+12,2024-10-23T22.30.14.256,3.83,-20.793,57.195,1.89
1.72974E+12,2024-10-23T22.30.14.266,3.84,-20.427,57.561,2.561
1.72974E+12,2024-10-23T22.30.14.276,3.85,-19.695,57.622,2.866
1.72974E+12,2024-10-23T22.30.14.286,3.86,-19.085,57.622,3.171
1.72974E+12,2024-10-23T22.30.14.296,3.87,-18.537,57.744,3.537
1.72974E+12,2024-10-23T22.30.14.306,3.88,-18.049,57.927,4.085
1.72974E+12,2024-10-23T22.30.14.316,3.89,-17.5,57.622,5.061
1.72974E+12,2024-10-23T22.30.14.326,3.9,-17.073,56.89,6.22
1.72974E+12,2024-10-23T22.30.14.336,3.91,-16.707,56.829,7.134
1.72974E+12,2024-10-23T22.30.14.346,3.92,-16.098,57.195,7.561
1.72974E+12,2024-10-23T22.30.14.356,3.93,-15.549,57.317,7.927
1.72974E+12,2024-10-23T22.30.14.366,3.94,-14.939,56.707,8.049
1.72974E+12,2024-10-23T22.30.14.376,3.95,-14.207,56.707,7.866
1.72974E+12,2024-10-23T22.30.14.386,3.96,-13.232,56.951,7.439
1.72974E+12,2024-10-23T22.30.14.396,3.97,-12.134,55.976,7.439
1.72974E+12,2024-10-23T22.30.14.406,3.98,-10.915,53.841,8.171
1.72974E+12,2024-10-23T22.30.14.416,3.99,-9.207,51.707,9.146
1.72974E+12,2024-10-23T22.30.14.426,4,-7.195,49.451,10.183
1.72974E+12,2024-10-23T22.30.14.436,4.01,-4.878,46.768,11.037
1.72974E+12,2024-10-23T22.30.14.446,4.02,-2.439,44.268,11.707
1.72974E+12,2024-10-23T22.30.14.456,4.03,0,42.073,12.134
1.72974E+12,2024-10-23T22.30.14.466,4.04,2.256,40.854,12.439
1.72974E+12,2024-10-23T22.30.14.476,4.05,4.207,41.098,12.5
1.72974E+12,2024-10-23T22.30.14.486,4.06,5.915,42.256,12.134
1.72974E+12,2024-10-23T22.30.14.496,4.07,7.683,42.988,11.829
1.72974E+12,2024-10-23T22.30.14.506,4.08,9.085,43.232,11.707
1.72974E+12,2024-10-23T22.30.14.516,4.09,10.122,43.415,11.829
1.72974E+12,2024-10-23T22.30.14.526,4.1,11.22,44.512,11.585
1.72974E+12,2024-10-23T22.30.14.536,4.11,12.439,45.732,11.22
1.72974E+12,2024-10-23T22.30.14.546,4.12,13.171,45.854,11.159
1.72974E+12,2024-10-23T22.30.14.556,4.13,13.476,44.878,11.463
1.72974E+12,2024-10-23T22.30.14.566,4.14,13.598,43.537,11.89
1.72974E+12,2024-10-23T22.30.14.576,4.15,13.354,42.073,12.134
1.72974E+12,2024-10-23T22.30.14.586,4.16,13.11,41.037,12.134
1.72974E+12,2024-10-23T22.30.14.596,4.17,12.439,40.366,12.073
1.72974E+12,2024-10-23T22.30.14.606,4.18,11.28,39.39,11.951
1.72974E+12,2024-10-23T22.30.14.616,4.19,10.061,38.049,11.89
1.72974E+12,2024-10-23T22.30.14.626,4.2,8.598,36.22,11.89
1.72974E+12,2024-10-23T22.30.14.636,4.21,7.012,33.415,11.89
1.72974E+12,2024-10-23T22.30.14.646,4.22,5.488,30.549,11.768
1.72974E+12,2024-10-23T22.30.14.656,4.23,3.963,27.866,11.463
1.72974E+12,2024-10-23T22.30.14.666,4.24,2.378,25.427,10.793
1.72974E+12,2024-10-23T22.30.14.676,4.25,0.793,23.72,9.695
1.72974E+12,2024-10-23T22.30.14.686,4.26,-0.671,22.378,8.293
1.72974E+12,2024-10-23T22.30.14.696,4.27,-2.256,20.488,7.073
1.72974E+12,2024-10-23T22.30.14.706,4.28,-3.78,18.354,6.098
1.72974E+12,2024-10-23T22.30.14.716,4.29,-5.122,16.037,5.244
1.72974E+12,2024-10-23T22.30.14.726,4.3,-6.22,13.598,4.451
1.72974E+12,2024-10-23T22.30.14.736,4.31,-7.012,10.732,3.78
1.72974E+12,2024-10-23T22.30.14.746,4.32,-7.561,7.5,3.354
1.72974E+12,2024-10-23T22.30.14.756,4.33,-7.805,4.878,2.866
1.72974E+12,2024-10-23T22.30.14.766,4.34,-7.805,2.683,2.256
1.72974E+12,2024-10-23T22.30.14.776,4.35,-7.744,0.061,1.646
1.72974E+12,2024-10-23T22.30.14.786,4.36,-7.622,-3.171,1.341
1.72974E+12,2024-10-23T22.30.14.796,4.37,-7.439,-6.22,0.915
1.72974E+12,2024-10-23T22.30.14.806,4.38,-7.317,-8.841,0.671
1.72974E+12,2024-10-23T22.30.14.816,4.39,-7.195,-11.402,0.671
1.72974E+12,2024-10-23T22.30.14.826,4.4,-7.561,-13.841,0.732
1.72974E+12,2024-10-23T22.30.14.836,4.41,-7.988,-15.732,1.037
1.72974E+12,2024-10-23T22.30.14.846,4.42,-8.415,-16.829,1.402
1.72974E+12,2024-10-23T22.30.14.856,4.43,-8.902,-17.378,1.646
1.72974E+12,2024-10-23T22.30.14.866,4.44,-9.573,-17.012,1.768
1.72974E+12,2024-10-23T22.30.14.876,4.45,-9.878,-15.915,1.707
1.72974E+12,2024-10-23T22.30.14.886,4.46,-10.183,-14.695,1.524
1.72974E+12,2024-10-23T22.30.14.896,4.47,-10.183,-13.598,1.22
1.72974E+12,2024-10-23T22.30.14.906,4.48,-9.878,-12.317,0.915
1.72974E+12,2024-10-23T22.30.14.916,4.49,-9.268,-11.22,0.488
1.72974E+12,2024-10-23T22.30.14.926,4.5,-8.354,-10.305,0.122
1.72974E+12,2024-10-23T22.30.14.936,4.51,-7.195,-9.39,-0.244
1.72974E+12,2024-10-23T22.30.14.946,4.52,-5.732,-8.354,-0.61
1.72974E+12,2024-10-23T22.30.14.956,4.53,-4.024,-7.5,-0.976
1.72974E+12,2024-10-23T22.30.14.966,4.54,-2.5,-6.89,-1.22
1.72974E+12,2024-10-23T22.30.14.976,4.55,-0.671,-6.524,-1.341
1.72974E+12,2024-10-23T22.30.14.986,4.56,1.098,-6.28,-1.524
1.72974E+12,2024-10-23T22.30.14.996,4.57,2.744,-6.402,-1.524
1.72974E+12,2024-10-23T22.30.15.006,4.58,4.085,-6.89,-1.341
1.72974E+12,2024-10-23T22.30.15.016,4.59,5.305,-7.378,-1.159
1.72974E+12,2024-10-23T22.30.15.026,4.6,6.28,-7.5,-1.159
1.72974E+12,2024-10-23T22.30.15.036,4.61,6.951,-8.11,-0.854
1.72974E+12,2024-10-23T22.30.15.046,4.62,7.378,-8.659,-0.793
1.72974E+12,2024-10-23T22.30.15.056,4.63,7.805,-9.268,-0.732
1.72974E+12,2024-10-23T22.30.15.066,4.64,7.927,-10.061,-0.732
1.72974E+12,2024-10-23T22.30.15.076,4.65,7.866,-10.915,-0.854
1.72974E+12,2024-10-23T22.30.15.086,4.66,7.439,-11.951,-1.341
1.72974E+12,2024-10-23T22.30.15.096,4.67,6.707,-13.598,-2.195
1.72974E+12,2024-10-23T22.30.15.106,4.68,5.427,-15.854,-3.232
1.72974E+12,2024-10-23T22.30.15.116,4.69,3.476,-18.659,-4.085
1.72974E+12,2024-10-23T22.30.15.126,4.7,1.22,-20.915,-5.366
1.72974E+12,2024-10-23T22.30.15.136,4.71,-1.159,-22.927,-6.524
1.72974E+12,2024-10-23T22.30.15.146,4.72,-3.963,-25.427,-7.5
1.72974E+12,2024-10-23T22.30.15.156,4.73,-6.829,-28.049,-8.232
1.72974E+12,2024-10-23T22.30.15.166,4.74,-9.573,-30.793,-8.841
1.72974E+12,2024-10-23T22.30.15.176,4.75,-12.134,-34.024,-9.39
1.72974E+12,2024-10-23T22.30.15.186,4.76,-14.024,-37.195,-10.061
1.72974E+12,2024-10-23T22.30.15.196,4.77,-15.244,-40.671,-11.037
1.72974E+12,2024-10-23T22.30.15.206,4.78,-16.159,-45.427,-12.317
1.72974E+12,2024-10-23T22.30.15.216,4.79,-16.707,-51.28,-13.659
1.72974E+12,2024-10-23T22.30.15.226,4.8,-16.707,-57.683,-15.183
1.72974E+12,2024-10-23T22.30.15.236,4.81,-16.037,-62.988,-16.646
1.72974E+12,2024-10-23T22.30.15.246,4.82,-14.878,-67.195,-18.11
1.72974E+12,2024-10-23T22.30.15.256,4.83,-13.293,-71.524,-19.39
1.72974E+12,2024-10-23T22.30.15.266,4.84,-11.037,-76.22,-20.305
1.72974E+12,2024-10-23T22.30.15.276,4.85,-8.171,-81.341,-21.28
1.72974E+12,2024-10-23T22.30.15.286,4.86,-5.183,-86.463,-22.561
1.72974E+12,2024-10-23T22.30.15.296,4.87,-1.707,-90.976,-23.78
1.72974E+12,2024-10-23T22.30.15.306,4.88,1.829,-94.634,-25.122
1.72974E+12,2024-10-23T22.30.15.316,4.89,5.183,-96.768,-26.768
1.72974E+12,2024-10-23T22.30.15.326,4.9,8.232,-98.293,-28.232
1.72974E+12,2024-10-23T22.30.15.336,4.91,10.549,-99.146,-29.085
1.72974E+12,2024-10-23T22.30.15.346,4.92,12.317,-98.659,-29.573
1.72974E+12,2024-10-23T22.30.15.356,4.93,13.476,-96.951,-29.878
1.72974E+12,2024-10-23T22.30.15.366,4.94,13.476,-94.939,-29.695
1.72974E+12,2024-10-23T22.30.15.376,4.95,11.89,-92.134,-29.634
1.72974E+12,2024-10-23T22.30.15.386,4.96,9.024,-88.11,-29.939
1.72974E+12,2024-10-23T22.30.15.396,4.97,5.427,-83.963,-29.878
1.72974E+12,2024-10-23T22.30.15.406,4.98,1.402,-81.037,-29.146
1.72974E+12,2024-10-23T22.30.15.416,4.99,-2.561,-79.817,-28.11
1.72974E+12,2024-10-23T22.30.15.426,5,-6.402,-80.183,-26.341
1.72974E+12,2024-10-23T22.30.15.436,5.01,-9.512,-80.671,-24.512
1.72974E+12,2024-10-23T22.30.15.446,5.02,-11.463,-80.305,-23.232
1.72974E+12,2024-10-23T22.30.15.456,5.03,-12.683,-79.695,-21.646
1.72974E+12,2024-10-23T22.30.15.466,5.04,-13.171,-78.293,-20.305
1.72974E+12,2024-10-23T22.30.15.476,5.05,-12.866,-75.854,-19.39
1.72974E+12,2024-10-23T22.30.15.486,5.06,-12.012,-72.988,-18.78
1.72974E+12,2024-10-23T22.30.15.496,5.07,-11.037,-70.488,-18.78
1.72974E+12,2024-10-23T22.30.15.506,5.08,-10,-69.207,-18.963
1.72974E+12,2024-10-23T22.30.15.516,5.09,-9.146,-67.805,-19.024
1.72974E+12,2024-10-23T22.30.15.526,5.1,-8.049,-65,-19.207
1.72974E+12,2024-10-23T22.30.15.536,5.11,-6.768,-61.951,-18.841
1.72974E+12,2024-10-23T22.30.15.546,5.12,-5.549,-59.634,-18.049
1.72974E+12,2024-10-23T22.30.15.556,5.13,-4.024,-57.5,-16.829
1.72974E+12,2024-10-23T22.30.15.566,5.14,-2.195,-55.732,-15.61
1.72974E+12,2024-10-23T22.30.15.576,5.15,-0.183,-54.451,-13.963
1.72974E+12,2024-10-23T22.30.15.586,5.16,1.89,-52.195,-12.805
1.72974E+12,2024-10-23T22.30.15.596,5.17,3.598,-48.72,-12.866
1.72974E+12,2024-10-23T22.30.15.606,5.18,4.207,-45.671,-13.049
1.72974E+12,2024-10-23T22.30.15.616,5.19,4.39,-43.537,-12.439
1.72974E+12,2024-10-23T22.30.15.626,5.2,4.512,-40,-11.707
1.72974E+12,2024-10-23T22.30.15.636,5.21,4.695,-35.61,-10.915
1.72974E+12,2024-10-23T22.30.15.646,5.22,5.183,-32.561,-9.756
1.72974E+12,2024-10-23T22.30.15.656,5.23,5.61,-30.671,-8.476
1.72974E+12,2024-10-23T22.30.15.666,5.24,5.793,-28.598,-7.744
1.72974E+12,2024-10-23T22.30.15.676,5.25,5.732,-25.61,-7.805
1.72974E+12,2024-10-23T22.30.15.686,5.26,5,-22.744,-8.232
1.72974E+12,2024-10-23T22.30.15.696,5.27,3.78,-19.817,-8.049
1.72974E+12,2024-10-23T22.30.15.706,5.28,2.866,-15.671,-7.805
1.72974E+12,2024-10-23T22.30.15.716,5.29,2.012,-11.463,-7.317
1.72974E+12,2024-10-23T22.30.15.726,5.3,1.463,-8.354,-6.037
1.72974E+12,2024-10-23T22.30.15.736,5.31,1.098,-5.854,-4.573
1.72974E+12,2024-10-23T22.30.15.746,5.32,1.159,-3.476,-3.354
1.72974E+12,2024-10-23T22.30.15.756,5.33,1.28,-0.976,-2.622
1.72974E+12,2024-10-23T22.30.15.766,5.34,1.646,1.159,-2.134
1.72974E+12,2024-10-23T22.30.15.776,5.35,1.951,2.866,-1.585
1.72974E+12,2024-10-23T22.30.15.786,5.36,2.378,4.695,-1.22
1.72974E+12,2024-10-23T22.30.15.796,5.37,2.683,6.524,-0.976
1.72974E+12,2024-10-23T22.30.15.806,5.38,2.988,8.11,-0.915
1.72974E+12,2024-10-23T22.30.15.816,5.39,3.11,9.268,-0.732
1.72974E+12,2024-10-23T22.30.15.826,5.4,3.11,10,-0.549
1.72974E+12,2024-10-23T22.30.15.836,5.41,2.805,10.427,-0.061
1.72974E+12,2024-10-23T22.30.15.846,5.42,2.561,11.037,0.366
1.72974E+12,2024-10-23T22.30.15.856,5.43,2.317,12.683,0.61
1.72974E+12,2024-10-23T22.30.15.866,5.44,2.073,14.39,0.732
1.72974E+12,2024-10-23T22.30.15.876,5.45,2.134,15.915,0.915
1.72974E+12,2024-10-23T22.30.15.886,5.46,2.561,16.951,1.402
1.72974E+12,2024-10-23T22.30.15.896,5.47,3.049,17.134,1.768
1.72974E+12,2024-10-23T22.30.15.906,5.48,3.902,17.5,2.073
1.72974E+12,2024-10-23T22.30.15.916,5.49,4.756,18.72,2.5
1.72974E+12,2024-10-23T22.30.15.926,5.5,5,20.854,2.744
1.72974E+12,2024-10-23T22.30.15.936,5.51,4.634,23.659,2.622
1.72974E+12,2024-10-23T22.30.15.946,5.52,3.841,26.22,2.317
1.72974E+12,2024-10-23T22.30.15.956,5.53,2.561,27.927,2.012
1.72974E+12,2024-10-23T22.30.15.966,5.54,1.22,28.963,1.89
1.72974E+12,2024-10-23T22.30.15.976,5.55,0.244,30.061,1.768
1.72974E+12,2024-10-23T22.30.15.986,5.56,-0.244,31.829,1.707
1.72974E+12,2024-10-23T22.30.15.996,5.57,-0.488,33.78,1.829
1.72974E+12,2024-10-23T22.30.16.006,5.58,-0.305,35.122,2.378
1.72974E+12,2024-10-23T22.30.16.016,5.59,0.061,35.976,3.232
1.72974E+12,2024-10-23T22.30.16.026,5.6,0.549,36.707,4.207
1.72974E+12,2024-10-23T22.30.16.036,5.61,1.463,38.11,5
1.72974E+12,2024-10-23T22.30.16.046,5.62,2.378,39.634,5.671
1.72974E+12,2024-10-23T22.30.16.056,5.63,3.354,40.793,6.28
1.72974E+12,2024-10-23T22.30.16.066,5.64,4.024,41.768,7.012
1.72974E+12,2024-10-23T22.30.16.076,5.65,4.634,42.988,7.866
1.72974E+12,2024-10-23T22.30.16.086,5.66,5.244,44.939,8.537
1.72974E+12,2024-10-23T22.30.16.096,5.67,5.671,46.951,9.573
1.72974E+12,2024-10-23T22.30.16.106,5.68,5.854,48.415,10.915
1.72974E+12,2024-10-23T22.30.16.116,5.69,5.793,50.488,12.012
1.72974E+12,2024-10-23T22.30.16.126,5.7,5.976,53.902,12.744
1.72974E+12,2024-10-23T22.30.16.136,5.71,6.159,57.073,13.415
1.72974E+12,2024-10-23T22.30.16.146,5.72,6.402,58.72,14.329
1.72974E+12,2024-10-23T22.30.16.156,5.73,6.585,59.39,15.244
1.72974E+12,2024-10-23T22.30.16.166,5.74,6.829,60.244,15.732
1.72974E+12,2024-10-23T22.30.16.176,5.75,7.073,60.854,16.159
1.72974E+12,2024-10-23T22.30.16.186,5.76,7.134,61.28,16.402
1.72974E+12,2024-10-23T22.30.16.196,5.77,6.951,62.317,16.22
1.72974E+12,2024-10-23T22.30.16.206,5.78,6.951,64.146,15.915
1.72974E+12,2024-10-23T22.30.16.216,5.79,7.012,65.671,15.61
1.72974E+12,2024-10-23T22.30.16.226,5.8,7.134,66.768,15.305
1.72974E+12,2024-10-23T22.30.16.236,5.81,7.439,68.049,15.244
1.72974E+12,2024-10-23T22.30.16.246,5.82,7.683,69.39,15.305
1.72974E+12,2024-10-23T22.30.16.256,5.83,7.622,70.366,15.61
1.72974E+12,2024-10-23T22.30.16.266,5.84,7.561,71.768,16.037
1.72974E+12,2024-10-23T22.30.16.276,5.85,7.195,73.902,16.159
1.72974E+12,2024-10-23T22.30.16.286,5.86,7.012,76.402,16.037
1.72974E+12,2024-10-23T22.30.16.296,5.87,6.585,78.659,15.854
1.72974E+12,2024-10-23T22.30.16.306,5.88,5.976,80.549,15.793
1.72974E+12,2024-10-23T22.30.16.316,5.89,5.61,82.439,15.488
1.72974E+12,2024-10-23T22.30.16.326,5.9,5.366,84.329,15.183
1.72974E+12,2024-10-23T22.30.16.336,5.91,5.427,86.159,15.061
1.72974E+12,2024-10-23T22.30.16.346,5.92,6.098,88.232,15
1.72974E+12,2024-10-23T22.30.16.356,5.93,6.951,90,15.366
1.72974E+12,2024-10-23T22.30.16.366,5.94,7.805,90.671,16.646
1.72974E+12,2024-10-23T22.30.16.376,5.95,8.476,90.427,18.415
1.72974E+12,2024-10-23T22.30.16.386,5.96,9.329,90.183,20.366
1.72974E+12,2024-10-23T22.30.16.396,5.97,10,89.146,22.439
1.72974E+12,2024-10-23T22.30.16.406,5.98,10,86.585,24.207
1.72974E+12,2024-10-23T22.30.16.416,5.99,9.878,83.354,25.305
1.72974E+12,2024-10-23T22.30.16.426,6,9.573,79.878,25.549
1.72974E+12,2024-10-23T22.30.16.436,6.01,9.207,75.671,24.939
1.72974E+12,2024-10-23T22.30.16.446,6.02,8.537,70.854,23.659
1.72974E+12,2024-10-23T22.30.16.456,6.03,7.622,65.915,21.89
1.72974E+12,2024-10-23T22.30.16.466,6.04,6.402,60.366,19.817
1.72974E+12,2024-10-23T22.30.16.476,6.05,4.878,54.573,17.683
1.72974E+12,2024-10-23T22.30.16.486,6.06,3.232,48.841,15.488
1.72974E+12,2024-10-23T22.30.16.496,6.07,1.585,43.232,13.476
1.72974E+12,2024-10-23T22.30.16.506,6.08,0,38.232,11.768
1.72974E+12,2024-10-23T22.30.16.516,6.09,-1.585,34.146,9.939
1.72974E+12,2024-10-23T22.30.16.526,6.1,-3.049,30.488,8.476
1.72974E+12,2024-10-23T22.30.16.536,6.11,-4.451,27.134,7.317
1.72974E+12,2024-10-23T22.30.16.546,6.12,-5.61,24.146,6.159
1.72974E+12,2024-10-23T22.30.16.556,6.13,-6.585,21.646,4.939
1.72974E+12,2024-10-23T22.30.16.566,6.14,-7.317,19.268,3.598
1.72974E+12,2024-10-23T22.30.16.576,6.15,-7.744,17.012,2.195
1.72974E+12,2024-10-23T22.30.16.586,6.16,-7.927,14.695,0.61
1.72974E+12,2024-10-23T22.30.16.596,6.17,-7.805,12.378,-0.976
1.72974E+12,2024-10-23T22.30.16.606,6.18,-7.622,10.305,-2.561
1.72974E+12,2024-10-23T22.30.16.616,6.19,-7.073,8.354,-4.024
1.72974E+12,2024-10-23T22.30.16.626,6.2,-6.402,6.646,-5.122
1.72974E+12,2024-10-23T22.30.16.636,6.21,-5.671,5.122,-5.976
1.72974E+12,2024-10-23T22.30.16.646,6.22,-4.756,3.537,-6.463
1.72974E+12,2024-10-23T22.30.16.656,6.23,-3.78,1.89,-6.463
1.72974E+12,2024-10-23T22.30.16.666,6.24,-2.988,0.183,-6.28
1.72974E+12,2024-10-23T22.30.16.676,6.25,-2.256,-1.341,-5.976
1.72974E+12,2024-10-23T22.30.16.686,6.26,-1.402,-2.927,-5.671
1.72974E+12,2024-10-23T22.30.16.696,6.27,-0.854,-4.512,-5.244
1.72974E+12,2024-10-23T22.30.16.706,6.28,-0.366,-5.549,-5.061
1.72974E+12,2024-10-23T22.30.16.716,6.29,0.183,-5.854,-4.878
1.72974E+12,2024-10-23T22.30.16.726,6.3,0.488,-6.098,-4.634
1.72974E+12,2024-10-23T22.30.16.736,6.31,0.61,-6.22,-4.512
1.72974E+12,2024-10-23T22.30.16.746,6.32,0.549,-6.098,-4.512
1.72974E+12,2024-10-23T22.30.16.756,6.33,0.488,-5.671,-4.695
1.72974E+12,2024-10-23T22.30.16.766,6.34,0.427,-5.183,-4.695
1.72974E+12,2024-10-23T22.30.16.776,6.35,0.244,-4.756,-4.695
1.72974E+12,2024-10-23T22.30.16.786,6.36,-0.122,-4.329,-4.695
1.72974E+12,2024-10-23T22.30.16.796,6.37,-0.244,-3.963,-4.939
1.72974E+12,2024-10-23T22.30.16.806,6.38,-0.488,-3.537,-5.244
1.72974E+12,2024-10-23T22.30.16.816,6.39,-0.793,-3.598,-5.732
1.72974E+12,2024-10-23T22.30.16.826,6.4,-0.976,-3.598,-6.646
1.72974E+12,2024-10-23T22.30.16.836,6.41,-1.22,-3.415,-7.988
1.72974E+12,2024-10-23T22.30.16.846,6.42,-1.341,-3.415,-9.451
1.72974E+12,2024-10-23T22.30.16.856,6.43,-1.585,-3.537,-11.22
1.72974E+12,2024-10-23T22.30.16.866,6.44,-1.707,-3.72,-12.927
1.72974E+12,2024-10-23T22.30.16.876,6.45,-1.646,-4.024,-14.512
1.72974E+12,2024-10-23T22.30.16.886,6.46,-1.585,-4.329,-15.793
1.72974E+12,2024-10-23T22.30.16.896,6.47,-1.707,-4.573,-17.195
1.72974E+12,2024-10-23T22.30.16.906,6.48,-1.707,-4.634,-18.659
1.72974E+12,2024-10-23T22.30.16.916,6.49,-1.707,-4.451,-20.122
1.72974E+12,2024-10-23T22.30.16.926,6.5,-1.707,-4.207,-21.646
1.72974E+12,2024-10-23T22.30.16.936,6.51,-1.646,-4.268,-23.232
1.72974E+12,2024-10-23T22.30.16.946,6.52,-1.768,-4.39,-24.817
1.72974E+12,2024-10-23T22.30.16.956,6.53,-1.646,-4.329,-26.28
1.72974E+12,2024-10-23T22.30.16.966,6.54,-1.646,-4.756,-27.622
1.72974E+12,2024-10-23T22.30.16.976,6.55,-1.585,-5.183,-28.72
1.72974E+12,2024-10-23T22.30.16.986,6.56,-1.402,-5.549,-29.512
1.72974E+12,2024-10-23T22.30.16.996,6.57,-1.159,-6.098,-29.939
1.72974E+12,2024-10-23T22.30.17.006,6.58,-0.854,-6.951,-29.939
1.72974E+12,2024-10-23T22.30.17.016,6.59,-0.488,-8.293,-29.695
1.72974E+12,2024-10-23T22.30.17.026,6.6,-0.183,-9.024,-29.573
1.72974E+12,2024-10-23T22.30.17.036,6.61,0.244,-9.024,-29.451
1.72974E+12,2024-10-23T22.30.17.046,6.62,0.671,-8.537,-29.085
1.72974E+12,2024-10-23T22.30.17.056,6.63,1.098,-8.049,-28.78
1.72974E+12,2024-10-23T22.30.17.066,6.64,1.402,-7.805,-28.476
1.72974E+12,2024-10-23T22.30.17.076,6.65,1.768,-7.805,-28.171
1.72974E+12,2024-10-23T22.30.17.086,6.66,1.89,-7.561,-27.927
1.72974E+12,2024-10-23T22.30.17.096,6.67,2.073,-7.134,-27.5
1.72974E+12,2024-10-23T22.30.17.106,6.68,2.012,-6.707,-27.012
1.72974E+12,2024-10-23T22.30.17.116,6.69,1.524,-6.402,-26.585
1.72974E+12,2024-10-23T22.30.17.126,6.7,1.098,-6.28,-26.28
1.72974E+12,2024-10-23T22.30.17.136,6.71,0.427,-6.28,-26.28
1.72974E+12,2024-10-23T22.30.17.146,6.72,-0.183,-6.22,-27.012
1.72974E+12,2024-10-23T22.30.17.156,6.73,-0.732,-6.159,-28.11
1.72974E+12,2024-10-23T22.30.17.166,6.74,-1.28,-6.037,-29.512
1.72974E+12,2024-10-23T22.30.17.176,6.75,-1.646,-5.549,-31.22
1.72974E+12,2024-10-23T22.30.17.186,6.76,-2.073,-5.244,-32.744
1.72974E+12,2024-10-23T22.30.17.196,6.77,-2.5,-5.183,-33.841
1.72974E+12,2024-10-23T22.30.17.206,6.78,-2.744,-4.878,-34.695
1.72974E+12,2024-10-23T22.30.17.216,6.79,-2.866,-4.634,-35.061
1.72974E+12,2024-10-23T22.30.17.226,6.8,-2.988,-5.183,-35.122
1.72974E+12,2024-10-23T22.30.17.236,6.81,-3.11,-6.098,-35
1.72974E+12,2024-10-23T22.30.17.246,6.82,-3.049,-7.012,-34.329
1.72974E+12,2024-10-23T22.30.17.256,6.83,-2.927,-7.744,-34.024
1.72974E+12,2024-10-23T22.30.17.266,6.84,-2.805,-8.293,-34.146
1.72974E+12,2024-10-23T22.30.17.276,6.85,-2.439,-8.537,-34.634
1.72974E+12,2024-10-23T22.30.17.286,6.86,-2.012,-8.537,-35.732
1.72974E+12,2024-10-23T22.30.17.296,6.87,-1.463,-8.11,-37.317
1.72974E+12,2024-10-23T22.30.17.306,6.88,-0.549,-7.195,-38.841
1.72974E+12,2024-10-23T22.30.17.316,6.89,0.366,-6.524,-40.305
1.72974E+12,2024-10-23T22.30.17.326,6.9,1.22,-6.28,-41.28
1.72974E+12,2024-10-23T22.30.17.336,6.91,2.378,-6.159,-41.829
1.72974E+12,2024-10-23T22.30.17.346,6.92,3.415,-6.341,-42.317
1.72974E+12,2024-10-23T22.30.17.356,6.93,4.329,-6.829,-42.744
1.72974E+12,2024-10-23T22.30.17.366,6.94,5,-7.317,-43.537
1.72974E+12,2024-10-23T22.30.17.376,6.95,5.366,-7.805,-44.695
1.72974E+12,2024-10-23T22.30.17.386,6.96,5.549,-7.805,-46.159
1.72974E+12,2024-10-23T22.30.17.396,6.97,5.366,-7.5,-47.622
1.72974E+12,2024-10-23T22.30.17.406,6.98,4.817,-7.073,-48.293
1.72974E+12,2024-10-23T22.30.17.416,6.99,3.963,-6.037,-48.354
1.72974E+12,2024-10-23T22.30.17.426,7,2.866,-4.939,-47.195
1.72974E+12,2024-10-23T22.30.17.436,7.01,1.341,-4.817,-44.573
1.72974E+12,2024-10-23T22.30.17.446,7.02,-0.061,-4.329,-41.098
1.72974E+12,2024-10-23T22.30.17.456,7.03,-1.098,-3.049,-37.988
1.72974E+12,2024-10-23T22.30.17.466,7.04,-1.951,-2.317,-35.122
1.72974E+12,2024-10-23T22.30.17.476,7.05,-2.561,-2.378,-33.537
1.72974E+12,2024-10-23T22.30.17.486,7.06,-2.866,-1.89,-33.72
1.72974E+12,2024-10-23T22.30.17.496,7.07,-2.866,-0.976,-35
1.72974E+12,2024-10-23T22.30.17.506,7.08,-2.683,-0.305,-36.402
1.72974E+12,2024-10-23T22.30.17.516,7.09,-2.5,0.061,-37.988
1.72974E+12,2024-10-23T22.30.17.526,7.1,-2.5,-0.427,-39.268
1.72974E+12,2024-10-23T22.30.17.536,7.11,-2.5,-0.976,-40.488
1.72974E+12,2024-10-23T22.30.17.546,7.12,-2.5,-1.28,-41.89
1.72974E+12,2024-10-23T22.30.17.556,7.13,-2.866,-1.768,-43.354
1.72974E+12,2024-10-23T22.30.17.566,7.14,-3.11,-1.768,-45
1.72974E+12,2024-10-23T22.30.17.576,7.15,-3.232,-1.037,-46.463
1.72974E+12,2024-10-23T22.30.17.586,7.16,-3.232,-0.244,-47.5
1.72974E+12,2024-10-23T22.30.17.596,7.17,-3.354,0.305,-48.171
1.72974E+12,2024-10-23T22.30.17.606,7.18,-3.415,0.61,-48.78
1.72974E+12,2024-10-23T22.30.17.616,7.19,-3.598,0.488,-49.085
1.72974E+12,2024-10-23T22.30.17.626,7.2,-4.024,0.244,-49.451
1.72974E+12,2024-10-23T22.30.17.636,7.21,-4.512,0.793,-50.427
1.72974E+12,2024-10-23T22.30.17.646,7.22,-5,1.524,-51.402
1.72974E+12,2024-10-23T22.30.17.656,7.23,-5.61,2.134,-51.951
1.72974E+12,2024-10-23T22.30.17.666,7.24,-6.402,2.256,-51.951
1.72974E+12,2024-10-23T22.30.17.676,7.25,-7.012,2.317,-51.341
1.72974E+12,2024-10-23T22.30.17.686,7.26,-7.561,2.439,-50.183
1.72974E+12,2024-10-23T22.30.17.696,7.27,-7.866,2.805,-48.902
1.72974E+12,2024-10-23T22.30.17.706,7.28,-7.988,3.232,-47.866
1.72974E+12,2024-10-23T22.30.17.716,7.29,-8.232,3.232,-46.402
1.72974E+12,2024-10-23T22.30.17.726,7.3,-8.598,2.744,-45.061
1.72974E+12,2024-10-23T22.30.17.736,7.31,-8.476,2.927,-44.695
1.72974E+12,2024-10-23T22.30.17.746,7.32,-8.11,2.805,-45.549
1.72974E+12,2024-10-23T22.30.17.756,7.33,-7.439,2.378,-47.622
1.72974E+12,2024-10-23T22.30.17.766,7.34,-6.524,2.622,-50.976
1.72974E+12,2024-10-23T22.30.17.776,7.35,-5.549,2.561,-54.695
1.72974E+12,2024-10-23T22.30.17.786,7.36,-4.695,2.012,-58.11
1.72974E+12,2024-10-23T22.30.17.796,7.37,-3.902,2.073,-60.183
1.72974E+12,2024-10-23T22.30.17.806,7.38,-3.232,2.439,-60.305
1.72974E+12,2024-10-23T22.30.17.816,7.39,-2.683,2.256,-58.598
1.72974E+12,2024-10-23T22.30.17.826,7.4,-2.073,2.256,-56.524
1.72974E+12,2024-10-23T22.30.17.836,7.41,-1.341,2.866,-55.793
1.72974E+12,2024-10-23T22.30.17.846,7.42,-0.305,3.72,-57.073
1.72974E+12,2024-10-23T22.30.17.856,7.43,0.732,4.268,-59.146
1.72974E+12,2024-10-23T22.30.17.866,7.44,1.768,4.634,-61.768
1.72974E+12,2024-10-23T22.30.17.876,7.45,2.744,5.244,-64.329
1.72974E+12,2024-10-23T22.30.17.886,7.46,3.537,5.61,-65.732
1.72974E+12,2024-10-23T22.30.17.896,7.47,4.146,4.939,-65
1.72974E+12,2024-10-23T22.30.17.906,7.48,4.756,3.11,-63.293
1.72974E+12,2024-10-23T22.30.17.916,7.49,5.671,1.585,-60.854
1.72974E+12,2024-10-23T22.30.17.926,7.5,6.768,2.012,-59.024
1.72974E+12,2024-10-23T22.30.17.936,7.51,7.744,2.866,-59.268
1.72974E+12,2024-10-23T22.30.17.946,7.52,8.476,2.683,-62.805
1.72974E+12,2024-10-23T22.30.17.956,7.53,8.354,3.293,-69.634
1.72974E+12,2024-10-23T22.30.17.966,7.54,7.805,4.512,-77.683
1.72974E+12,2024-10-23T22.30.17.976,7.55,6.768,5.061,-84.939
1.72974E+12,2024-10-23T22.30.17.986,7.56,5.244,5.305,-90.671
1.72974E+12,2024-10-23T22.30.17.996,7.57,3.72,6.28,-95.671
1.72974E+12,2024-10-23T22.30.18.006,7.58,2.073,6.341,-99.329
1.72974E+12,2024-10-23T22.30.18.016,7.59,0.549,5.976,-101.646
1.72974E+12,2024-10-23T22.30.18.026,7.6,-0.488,5.671,-105.427
1.72974E+12,2024-10-23T22.30.18.036,7.61,-1.22,4.634,-110.793
1.72974E+12,2024-10-23T22.30.18.046,7.62,-1.951,4.634,-116.463
1.72974E+12,2024-10-23T22.30.18.056,7.63,-1.768,5.976,-121.098
1.72974E+12,2024-10-23T22.30.18.066,7.64,-1.646,6.28,-123.293
1.72974E+12,2024-10-23T22.30.18.076,7.65,-1.463,5.244,-124.695
1.72974E+12,2024-10-23T22.30.18.086,7.66,-0.915,5.915,-126.159
1.72974E+12,2024-10-23T22.30.18.096,7.67,0,8.963,-127.073
1.72974E+12,2024-10-23T22.30.18.106,7.68,0.549,10.061,-127.622
1.72974E+12,2024-10-23T22.30.18.116,7.69,0.488,7.744,-129.268
1.72974E+12,2024-10-23T22.30.18.126,7.7,-0.549,6.89,-130.549
1.72974E+12,2024-10-23T22.30.18.136,7.71,-0.976,9.451,-129.939
1.72974E+12,2024-10-23T22.30.18.146,7.72,-0.915,12.683,-128.537
1.72974E+12,2024-10-23T22.30.18.156,7.73,-0.366,17.317,-126.22
1.72974E+12,2024-10-23T22.30.18.166,7.74,0.61,23.293,-120.915
1.72974E+12,2024-10-23T22.30.18.176,7.75,1.341,24.085,-110.61
1.72974E+12,2024-10-23T22.30.18.186,7.76,1.037,18.78,-98.902
1.72974E+12,2024-10-23T22.30.18.196,7.77,0.366,14.024,-90.915
1.72974E+12,2024-10-23T22.30.18.206,7.78,0.183,14.817,-86.524
1.72974E+12,2024-10-23T22.30.18.216,7.79,-0.671,15,-83.354
1.72974E+12,2024-10-23T22.30.18.226,7.8,-1.829,14.207,-81.707
1.72974E+12,2024-10-23T22.30.18.236,7.81,-3.11,13.537,-82.622
1.72974E+12,2024-10-23T22.30.18.246,7.82,-4.329,12.622,-84.939
1.72974E+12,2024-10-23T22.30.18.256,7.83,-5.366,10.854,-85.976
1.72974E+12,2024-10-23T22.30.18.266,7.84,-6.646,8.659,-85.671
1.72974E+12,2024-10-23T22.30.18.276,7.85,-7.683,6.098,-85.427
1.72974E+12,2024-10-23T22.30.18.286,7.86,-7.927,4.695,-85.488
1.72974E+12,2024-10-23T22.30.18.296,7.87,-7.866,3.049,-85.427
1.72974E+12,2024-10-23T22.30.18.306,7.88,-7.622,2.012,-85.61
1.72974E+12,2024-10-23T22.30.18.316,7.89,-7.195,2.866,-85.549
1.72974E+12,2024-10-23T22.30.18.326,7.9,-6.829,2.622,-85.793
1.72974E+12,2024-10-23T22.30.18.336,7.91,-6.402,4.207,-88.171
1.72974E+12,2024-10-23T22.30.18.346,7.92,-5.976,7.134,-90.854
1.72974E+12,2024-10-23T22.30.18.356,7.93,-6.037,7.561,-91.341
1.72974E+12,2024-10-23T22.30.18.366,7.94,-6.402,5.793,-89.878
1.72974E+12,2024-10-23T22.30.18.376,7.95,-6.402,3.72,-87.683
1.72974E+12,2024-10-23T22.30.18.386,7.96,-5.488,2.988,-83.232
1.72974E+12,2024-10-23T22.30.18.396,7.97,-4.634,1.159,-77.195
1.72974E+12,2024-10-23T22.30.18.406,7.98,-4.207,-0.183,-70.244
1.72974E+12,2024-10-23T22.30.18.416,7.99,-3.902,-0.305,-63.232
1.72974E+12,2024-10-23T22.30.18.426,8,-3.841,-0.793,-56.707
1.72974E+12,2024-10-23T22.30.18.436,8.01,-4.146,-1.28,-50.671
1.72974E+12,2024-10-23T22.30.18.446,8.02,-4.268,-0.671,-45.671
1.72974E+12,2024-10-23T22.30.18.456,8.03,-4.146,-0.366,-40.488
1.72974E+12,2024-10-23T22.30.18.466,8.04,-3.72,-1.89,-34.024
1.72974E+12,2024-10-23T22.30.18.476,8.05,-2.805,-4.939,-27.073
1.72974E+12,2024-10-23T22.30.18.486,8.06,-1.22,-5.976,-19.939
1.72974E+12,2024-10-23T22.30.18.496,8.07,0.183,-6.402,-14.268
1.72974E+12,2024-10-23T22.30.18.506,8.08,0.854,-7.805,-11.402
1.72974E+12,2024-10-23T22.30.18.516,8.09,1.341,-6.402,-9.878
1.72974E+12,2024-10-23T22.30.18.526,8.1,1.89,-3.902,-7.5
1.72974E+12,2024-10-23T22.30.18.536,8.11,2.683,-2.683,-5.732
1.72974E+12,2024-10-23T22.30.18.546,8.12,3.11,-2.927,-4.573
1.72974E+12,2024-10-23T22.30.18.556,8.13,3.537,-4.085,-3.354
1.72974E+12,2024-10-23T22.30.18.566,8.14,3.78,-3.963,-2.805
1.72974E+12,2024-10-23T22.30.18.576,8.15,3.476,-4.268,-3.354
1.72974E+12,2024-10-23T22.30.18.586,8.16,2.5,-4.268,-4.878
1.72974E+12,2024-10-23T22.30.18.596,8.17,1.524,-2.378,-6.463
1.72974E+12,2024-10-23T22.30.18.606,8.18,0.732,-0.915,-7.805
1.72974E+12,2024-10-23T22.30.18.616,8.19,-0.122,-1.707,-8.78
1.72974E+12,2024-10-23T22.30.18.626,8.2,-0.61,-2.927,-8.902
1.72974E+12,2024-10-23T22.30.18.636,8.21,-0.61,-3.598,-8.293
1.72974E+12,2024-10-23T22.30.18.646,8.22,0.061,-3.537,-7.927
1.72974E+12,2024-10-23T22.30.18.656,8.23,0.732,-3.78,-8.537
1.72974E+12,2024-10-23T22.30.18.666,8.24,1.037,-4.512,-10.183
1.72974E+12,2024-10-23T22.30.18.676,8.25,0.915,-4.207,-13.171
1.72974E+12,2024-10-23T22.30.18.686,8.26,0.427,-2.988,-16.585
1.72974E+12,2024-10-23T22.30.18.696,8.27,-0.244,-2.378,-18.232
1.72974E+12,2024-10-23T22.30.18.706,8.28,-0.671,-2.5,-17.744
1.72974E+12,2024-10-23T22.30.18.716,8.29,-0.915,-3.415,-16.341
1.72974E+12,2024-10-23T22.30.18.726,8.3,-0.854,-3.476,-15.122
1.72974E+12,2024-10-23T22.30.18.736,8.31,-0.61,-2.195,-14.756
1.72974E+12,2024-10-23T22.30.18.746,8.32,-0.732,-1.341,-15.244
1.72974E+12,2024-10-23T22.30.18.756,8.33,-1.159,-1.098,-16.585
1.72974E+12,2024-10-23T22.30.18.766,8.34,-1.707,0.122,-18.78
1.72974E+12,2024-10-23T22.30.18.776,8.35,-2.134,0.915,-19.573
1.72974E+12,2024-10-23T22.30.18.786,8.36,-2.5,0,-18.415
1.72974E+12,2024-10-23T22.30.18.796,8.37,-2.866,-0.732,-17.561
1.72974E+12,2024-10-23T22.30.18.806,8.38,-3.11,0.183,-17.5
1.72974E+12,2024-10-23T22.30.18.816,8.39,-3.354,0.549,-17.195
1.72974E+12,2024-10-23T22.30.18.826,8.4,-3.598,0,-17.073
1.72974E+12,2024-10-23T22.30.18.836,8.41,-3.537,-1.037,-17.317
1.72974E+12,2024-10-23T22.30.18.846,8.42,-3.354,-3.11,-17.683
1.72974E+12,2024-10-23T22.30.18.856,8.43,-2.988,-3.963,-18.659
1.72974E+12,2024-10-23T22.30.18.866,8.44,-2.073,-3.72,-19.268
1.72974E+12,2024-10-23T22.30.18.876,8.45,-1.22,-5.183,-19.207
1.72974E+12,2024-10-23T22.30.18.886,8.46,-0.366,-7.439,-18.841
1.72974E+12,2024-10-23T22.30.18.896,8.47,0.915,-9.451,-18.72
1.72974E+12,2024-10-23T22.30.18.906,8.48,2.805,-12.195,-19.634
1.72974E+12,2024-10-23T22.30.18.916,8.49,5.427,-15.793,-22.012
1.72974E+12,2024-10-23T22.30.18.926,8.5,9.146,-19.634,-26.463
1.72974E+12,2024-10-23T22.30.18.936,8.51,13.232,-24.451,-32.683
1.72974E+12,2024-10-23T22.30.18.946,8.52,18.354,-29.512,-37.927
1.72974E+12,2024-10-23T22.30.18.956,8.53,24.817,-34.695,-40.671
1.72974E+12,2024-10-23T22.30.18.966,8.54,31.646,-41.646,-41.585
1.72974E+12,2024-10-23T22.30.18.976,8.55,38.659,-48.415,-41.28
1.72974E+12,2024-10-23T22.30.18.986,8.56,44.39,-56.585,-39.329
1.72974E+12,2024-10-23T22.30.18.996,8.57,48.171,-64.451,-37.744
1.72974E+12,2024-10-23T22.30.19.006,8.58,50.61,-70.061,-38.354
1.72974E+12,2024-10-23T22.30.19.016,8.59,50.915,-76.951,-40.061
1.72974E+12,2024-10-23T22.30.19.026,8.6,50.305,-82.744,-42.195
1.72974E+12,2024-10-23T22.30.19.036,8.61,49.39,-88.11,-43.659
1.72974E+12,2024-10-23T22.30.19.046,8.62,45.305,-100.793,-44.329
1.72974E+12,2024-10-23T22.30.19.056,8.63,41.098,-106.707,-46.098
1.72974E+12,2024-10-23T22.30.19.066,8.64,39.146,-102.134,-47.134
1.72974E+12,2024-10-23T22.30.19.076,8.65,37.195,-101.646,-44.756
1.72974E+12,2024-10-23T22.30.19.086,8.66,35.366,-105.549,-41.341
1.72974E+12,2024-10-23T22.30.19.096,8.67,33.476,-110.366,-38.293
1.72974E+12,2024-10-23T22.30.19.106,8.68,31.22,-112.927,-35.305
1.72974E+12,2024-10-23T22.30.19.116,8.69,29.634,-112.805,-33.598
1.72974E+12,2024-10-23T22.30.19.126,8.7,27.805,-115.915,-32.378
1.72974E+12,2024-10-23T22.30.19.136,8.71,22.683,-126.829,-31.159
1.72974E+12,2024-10-23T22.30.19.146,8.72,17.5,-128.171,-29.634
1.72974E+12,2024-10-23T22.30.19.156,8.73,14.329,-118.963,-27.866
1.72974E+12,2024-10-23T22.30.19.166,8.74,10.549,-113.78,-24.39
1.72974E+12,2024-10-23T22.30.19.176,8.75,6.829,-114.451,-20.671
1.72974E+12,2024-10-23T22.30.19.186,8.76,3.476,-117.866,-18.415
1.72974E+12,2024-10-23T22.30.19.196,8.77,2.012,-117.805,-16.159
1.72974E+12,2024-10-23T22.30.19.206,8.78,2.805,-111.89,-13.72
1.72974E+12,2024-10-23T22.30.19.216,8.79,4.268,-106.28,-10.854
1.72974E+12,2024-10-23T22.30.19.226,8.8,6.037,-103.537,-7.5
1.72974E+12,2024-10-23T22.30.19.236,8.81,8.415,-100.854,-5
1.72974E+12,2024-10-23T22.30.19.246,8.82,10.183,-97.744,-3.537
1.72974E+12,2024-10-23T22.30.19.256,8.83,11.646,-92.073,-2.134
1.72974E+12,2024-10-23T22.30.19.266,8.84,13.902,-82.5,-0.915
1.72974E+12,2024-10-23T22.30.19.276,8.85,15.915,-74.146,1.951
1.72974E+12,2024-10-23T22.30.19.286,8.86,17.622,-68.415,6.707
1.72974E+12,2024-10-23T22.30.19.296,8.87,19.573,-61.463,10.549
1.72974E+12,2024-10-23T22.30.19.306,8.88,21.402,-52.439,13.902
1.72974E+12,2024-10-23T22.30.19.316,8.89,21.585,-47.317,17.073
1.72974E+12,2024-10-23T22.30.19.326,8.9,21.829,-40.366,18.049
1.72974E+12,2024-10-23T22.30.19.336,8.91,22.683,-32.134,19.085
1.72974E+12,2024-10-23T22.30.19.346,8.92,22.866,-27.134,21.22
1.72974E+12,2024-10-23T22.30.19.356,8.93,23.171,-21.646,22.073
1.72974E+12,2024-10-23T22.30.19.366,8.94,23.963,-14.329,21.402
1.72974E+12,2024-10-23T22.30.19.376,8.95,23.902,-9.085,20.732
1.72974E+12,2024-10-23T22.30.19.386,8.96,22.988,-5.976,20.549
1.72974E+12,2024-10-23T22.30.19.396,8.97,21.585,-2.805,19.756
1.72974E+12,2024-10-23T22.30.19.406,8.98,20,0.915,18.232
1.72974E+12,2024-10-23T22.30.19.416,8.99,18.049,5,16.341
1.72974E+12,2024-10-23T22.30.19.426,9,15.61,9.085,13.659
1.72974E+12,2024-10-23T22.30.19.436,9.01,12.317,12.927,9.756
1.72974E+12,2024-10-23T22.30.19.446,9.02,8.232,15.488,6.28
1.72974E+12,2024-10-23T22.30.19.456,9.03,3.598,16.951,3.78
1.72974E+12,2024-10-23T22.30.19.466,9.04,-0.976,19.207,1.646
1.72974E+12,2024-10-23T22.30.19.476,9.05,-5.122,23.232,-0.915
1.72974E+12,2024-10-23T22.30.19.486,9.06,-9.512,27.439,-4.085
1.72974E+12,2024-10-23T22.30.19.496,9.07,-14.085,31.341,-7.256
1.72974E+12,2024-10-23T22.30.19.506,9.08,-19.024,36.829,-11.037
1.72974E+12,2024-10-23T22.30.19.516,9.09,-24.573,44.268,-15.61
1.72974E+12,2024-10-23T22.30.19.526,9.1,-30.427,52.5,-20.427
1.72974E+12,2024-10-23T22.30.19.536,9.11,-35.122,63.598,-25.915
1.72974E+12,2024-10-23T22.30.19.546,9.12,-36.89,80.61,-31.768
1.72974E+12,2024-10-23T22.30.19.556,9.13,-36.098,99.024,-37.073
1.72974E+12,2024-10-23T22.30.19.566,9.14,-32.805,112.683,-40.183
1.72974E+12,2024-10-23T22.30.19.576,9.15,-26.951,116.707,-39.024
1.72974E+12,2024-10-23T22.30.19.586,9.16,-19.817,114.573,-33.902
1.72974E+12,2024-10-23T22.30.19.596,9.17,-13.902,109.268,-27.866
1.72974E+12,2024-10-23T22.30.19.606,9.18,-10.976,103.659,-23.598
1.72974E+12,2024-10-23T22.30.19.616,9.19,-9.329,107.012,-21.646
1.72974E+12,2024-10-23T22.30.19.626,9.2,-8.476,113.841,-19.634
1.72974E+12,2024-10-23T22.30.19.636,9.21,-9.268,115.488,-14.512
1.72974E+12,2024-10-23T22.30.19.646,9.22,-12.744,109.207,-7.744
1.72974E+12,2024-10-23T22.30.19.656,9.23,-16.89,103.171,-1.037
1.72974E+12,2024-10-23T22.30.19.666,9.24,-20.183,102.073,5.183
1.72974E+12,2024-10-23T22.30.19.676,9.25,-23.598,101.159,9.024
1.72974E+12,2024-10-23T22.30.19.686,9.26,-25.854,101.22,11.89
1.72974E+12,2024-10-23T22.30.19.696,9.27,-28.537,98.415,15.549
1.72974E+12,2024-10-23T22.30.19.706,9.28,-32.134,92.927,17.805
1.72974E+12,2024-10-23T22.30.19.716,9.29,-35.61,90.183,19.207
1.72974E+12,2024-10-23T22.30.19.726,9.3,-38.659,90.183,20.854
1.72974E+12,2024-10-23T22.30.19.736,9.31,-41.585,89.39,22.683
1.72974E+12,2024-10-23T22.30.19.746,9.32,-44.146,87.561,25.183
1.72974E+12,2024-10-23T22.30.19.756,9.33,-45.854,86.585,26.585
1.72974E+12,2024-10-23T22.30.19.766,9.34,-47.134,85.976,27.134
1.72974E+12,2024-10-23T22.30.19.776,9.35,-48.902,85.122,27.927
1.72974E+12,2024-10-23T22.30.19.786,9.36,-50.671,85.427,28.171
1.72974E+12,2024-10-23T22.30.19.796,9.37,-51.707,85.671,28.659
1.72974E+12,2024-10-23T22.30.19.806,9.38,-52.439,81.951,30.549
1.72974E+12,2024-10-23T22.30.19.816,9.39,-52.683,77.683,35
1.72974E+12,2024-10-23T22.30.19.826,9.4,-51.646,76.28,38.963
1.72974E+12,2024-10-23T22.30.19.836,9.41,-49.695,76.159,40.976
1.72974E+12,2024-10-23T22.30.19.846,9.42,-47.134,76.28,41.951
1.72974E+12,2024-10-23T22.30.19.856,9.43,-44.39,74.695,42.805
1.72974E+12,2024-10-23T22.30.19.866,9.44,-42.012,70.366,42.744
1.72974E+12,2024-10-23T22.30.19.876,9.45,-39.573,66.341,41.037
1.72974E+12,2024-10-23T22.30.19.886,9.46,-36.951,62.195,40.244
1.72974E+12,2024-10-23T22.30.19.896,9.47,-35.61,54.146,41.89
1.72974E+12,2024-10-23T22.30.19.906,9.48,-35,47.012,44.695
1.72974E+12,2024-10-23T22.30.19.916,9.49,-34.573,42.988,47.012
1.72974E+12,2024-10-23T22.30.19.926,9.5,-34.329,39.573,47.5
1.72974E+12,2024-10-23T22.30.19.936,9.51,-34.146,36.159,46.037
1.72974E+12,2024-10-23T22.30.19.946,9.52,-34.512,32.683,44.024
1.72974E+12,2024-10-23T22.30.19.956,9.53,-35.732,30.305,43.293
1.72974E+12,2024-10-23T22.30.19.966,9.54,-37.622,28.171,45.793
1.72974E+12,2024-10-23T22.30.19.976,9.55,-40.122,24.329,50.305
1.72974E+12,2024-10-23T22.30.19.986,9.56,-42.866,19.024,52.805
1.72974E+12,2024-10-23T22.30.19.996,9.57,-44.817,14.451,52.927
1.72974E+12,2024-10-23T22.30.20.006,9.58,-45.244,10.671,50.915
1.72974E+12,2024-10-23T22.30.20.016,9.59,-44.024,8.902,46.22
1.72974E+12,2024-10-23T22.30.20.026,9.6,-40.793,8.902,39.878
1.72974E+12,2024-10-23T22.30.20.036,9.61,-36.524,7.622,33.354
1.72974E+12,2024-10-23T22.30.20.046,9.62,-31.098,4.878,26.463
1.72974E+12,2024-10-23T22.30.20.056,9.63,-24.634,3.049,20.183
1.72974E+12,2024-10-23T22.30.20.066,9.64,-17.561,0.61,15.793
1.72974E+12,2024-10-23T22.30.20.076,9.65,-10.427,-2.622,12.5
1.72974E+12,2024-10-23T22.30.20.086,9.66,-3.537,-4.085,9.756
1.72974E+12,2024-10-23T22.30.20.096,9.67,2.378,-5.427,7.378
1.72974E+12,2024-10-23T22.30.20.106,9.68,7.012,-8.902,5.549
1.72974E+12,2024-10-23T22.30.20.116,9.69,10.976,-10.793,4.329
1.72974E+12,2024-10-23T22.30.20.126,9.7,14.207,-10.549,2.927
1.72974E+12,2024-10-23T22.30.20.136,9.71,16.037,-11.768,2.134
1.72974E+12,2024-10-23T22.30.20.146,9.72,16.402,-11.951,0.732
1.72974E+12,2024-10-23T22.30.20.156,9.73,15.793,-9.634,-0.427
1.72974E+12,2024-10-23T22.30.20.166,9.74,14.024,-8.354,0.183
1.72974E+12,2024-10-23T22.30.20.176,9.75,12.073,-8.293,0.122
1.72974E+12,2024-10-23T22.30.20.186,9.76,10.122,-7.561,-0.854
1.72974E+12,2024-10-23T22.30.20.196,9.77,8.293,-6.22,-1.098
1.72974E+12,2024-10-23T22.30.20.206,9.78,6.402,-4.939,-1.402
1.72974E+12,2024-10-23T22.30.20.216,9.79,4.573,-3.72,-2.744
1.72974E+12,2024-10-23T22.30.20.226,9.8,2.988,-2.561,-5
1.72974E+12,2024-10-23T22.30.20.236,9.81,1.768,-0.915,-6.89
1.72974E+12,2024-10-23T22.30.20.246,9.82,0.854,0.549,-6.829
1.72974E+12,2024-10-23T22.30.20.256,9.83,0.122,0.549,-5.549
1.72974E+12,2024-10-23T22.30.20.266,9.84,-0.183,0.122,-3.598
1.72974E+12,2024-10-23T22.30.20.276,9.85,-0.183,-0.427,-1.341
1.72974E+12,2024-10-23T22.30.20.286,9.86,0.122,-1.524,-0.061
1.72974E+12,2024-10-23T22.30.20.296,9.87,0.732,-2.439,0.122
1.72974E+12,2024-10-23T22.30.20.306,9.88,1.159,-3.963,-0.854
1.72974E+12,2024-10-23T22.30.20.316,9.89,1.341,-5.671,-2.5
1.72974E+12,2024-10-23T22.30.20.326,9.9,2.012,-7.012,-3.11
1.72974E+12,2024-10-23T22.30.20.336,9.91,2.927,-10.122,-1.524
1.72974E+12,2024-10-23T22.30.20.346,9.92,3.841,-15.183,1.707
1.72974E+12,2024-10-23T22.30.20.356,9.93,5.122,-17.927,3.476
1.72974E+12,2024-10-23T22.30.20.366,9.94,6.646,-19.451,3.232
1.72974E+12,2024-10-23T22.30.20.376,9.95,7.622,-24.329,2.5
1.72974E+12,2024-10-23T22.30.20.386,9.96,8.293,-30.061,0.488
1.72974E+12,2024-10-23T22.30.20.396,9.97,9.085,-34.451,-2.012
1.72974E+12,2024-10-23T22.30.20.406,9.98,9.634,-40.488,-2.927
1.72974E+12,2024-10-23T22.30.20.416,9.99,10.183,-48.598,-2.134
1.72974E+12,2024-10-23T22.30.20.426,10,10.793,-56.28,-0.244
1.72974E+12,2024-10-23T22.30.20.436,10.01,11.585,-63.415,2.073
1.72974E+12,2024-10-23T22.30.20.446,10.02,13.049,-69.817,4.146
1.72974E+12,2024-10-23T22.30.20.456,10.03,14.939,-73.841,4.146
1.72974E+12,2024-10-23T22.30.20.466,10.04,16.646,-78.049,3.354
1.72974E+12,2024-10-23T22.30.20.476,10.05,18.354,-83.537,2.683
1.72974E+12,2024-10-23T22.30.20.486,10.06,20.366,-89.39,3.171
1.72974E+12,2024-10-23T22.30.20.496,10.07,22.561,-94.695,5.366
1.72974E+12,2024-10-23T22.30.20.506,10.08,25.244,-97.134,7.134
1.72974E+12,2024-10-23T22.30.20.516,10.09,28.049,-99.939,9.939
1.72974E+12,2024-10-23T22.30.20.526,10.1,30.549,-103.232,12.561
1.72974E+12,2024-10-23T22.30.20.536,10.11,32.622,-105.854,12.622
1.72974E+12,2024-10-23T22.30.20.546,10.12,35.244,-109.939,11.768
1.72974E+12,2024-10-23T22.30.20.556,10.13,38.476,-114.207,10.915
1.72974E+12,2024-10-23T22.30.20.566,10.14,41.22,-117.866,12.134
1.72974E+12,2024-10-23T22.30.20.576,10.15,43.598,-119.817,16.037
1.72974E+12,2024-10-23T22.30.20.586,10.16,46.098,-120.305,19.756
1.72974E+12,2024-10-23T22.30.20.596,10.17,48.354,-122.012,22.683
1.72974E+12,2024-10-23T22.30.20.606,10.18,49.817,-123.049,23.902
1.72974E+12,2024-10-23T22.30.20.616,10.19,51.159,-124.207,23.537
1.72974E+12,2024-10-23T22.30.20.626,10.2,51.829,-128.476,24.512
1.72974E+12,2024-10-23T22.30.20.636,10.21,52.439,-132.439,23.78
1.72974E+12,2024-10-23T22.30.20.646,10.22,52.012,-135.122,23.902
1.72974E+12,2024-10-23T22.30.20.656,10.23,50.305,-133.354,25.549
1.72974E+12,2024-10-23T22.30.20.666,10.24,47.988,-127.134,25.976
1.72974E+12,2024-10-23T22.30.20.676,10.25,43.78,-124.878,26.098
1.72974E+12,2024-10-23T22.30.20.686,10.26,38.293,-126.768,26.402
1.72974E+12,2024-10-23T22.30.20.696,10.27,32.927,-127.622,26.037
1.72974E+12,2024-10-23T22.30.20.706,10.28,27.744,-125.671,24.817
1.72974E+12,2024-10-23T22.30.20.716,10.29,23.049,-119.207,23.537
1.72974E+12,2024-10-23T22.30.20.726,10.3,19.939,-108.598,21.159
1.72974E+12,2024-10-23T22.30.20.736,10.31,17.683,-98.293,17.866
1.72974E+12,2024-10-23T22.30.20.746,10.32,15.488,-91.707,14.512
1.72974E+12,2024-10-23T22.30.20.756,10.33,13.72,-86.524,12.439
1.72974E+12,2024-10-23T22.30.20.766,10.34,12.378,-81.28,10.854
1.72974E+12,2024-10-23T22.30.20.776,10.35,11.28,-74.329,9.024
1.72974E+12,2024-10-23T22.30.20.786,10.36,9.634,-67.988,6.707
1.72974E+12,2024-10-23T22.30.20.796,10.37,7.439,-63.354,3.72
1.72974E+12,2024-10-23T22.30.20.806,10.38,5.732,-57.744,0.793
1.72974E+12,2024-10-23T22.30.20.816,10.39,4.756,-50.915,-0.976
1.72974E+12,2024-10-23T22.30.20.826,10.4,4.207,-45.427,-1.768
1.72974E+12,2024-10-23T22.30.20.836,10.41,4.329,-42.256,-1.341
1.72974E+12,2024-10-23T22.30.20.846,10.42,4.878,-39.756,-0.488
1.72974E+12,2024-10-23T22.30.20.856,10.43,5.183,-37.195,-0.427
1.72974E+12,2024-10-23T22.30.20.866,10.44,5,-35.61,-0.549
1.72974E+12,2024-10-23T22.30.20.876,10.45,4.817,-32.622,-0.427
1.72974E+12,2024-10-23T22.30.20.886,10.46,5.122,-27.805,0.61
1.72974E+12,2024-10-23T22.30.20.896,10.47,5.549,-22.744,1.89
1.72974E+12,2024-10-23T22.30.20.906,10.48,5.732,-18.598,3.11
1.72974E+12,2024-10-23T22.30.20.916,10.49,5.427,-14.817,3.78
1.72974E+12,2024-10-23T22.30.20.926,10.5,5.061,-10.488,4.146
1.72974E+12,2024-10-23T22.30.20.936,10.51,4.024,-5.976,3.841
1.72974E+12,2024-10-23T22.30.20.946,10.52,2.073,-1.829,2.988
1.72974E+12,2024-10-23T22.30.20.956,10.53,-0.427,2.256,3.171
1.72974E+12,2024-10-23T22.30.20.966,10.54,-2.683,7.622,4.634
1.72974E+12,2024-10-23T22.30.20.976,10.55,-3.841,14.146,5.976
1.72974E+12,2024-10-23T22.30.20.986,10.56,-4.207,20.488,7.012
1.72974E+12,2024-10-23T22.30.20.996,10.57,-4.268,25.915,7.134
1.72974E+12,2024-10-23T22.30.21.006,10.58,-4.634,30.183,5.854
1.72974E+12,2024-10-23T22.30.21.016,10.59,-5.793,34.085,3.659
1.72974E+12,2024-10-23T22.30.21.026,10.6,-6.768,37.561,2.012
1.72974E+12,2024-10-23T22.30.21.036,10.61,-7.134,41.646,1.341
1.72974E+12,2024-10-23T22.30.21.046,10.62,-6.951,45.976,1.28
1.72974E+12,2024-10-23T22.30.21.056,10.63,-5.976,50.183,1.341
1.72974E+12,2024-10-23T22.30.21.066,10.64,-4.451,54.573,1.098
1.72974E+12,2024-10-23T22.30.21.076,10.65,-2.622,59.329,0.488
1.72974E+12,2024-10-23T22.30.21.086,10.66,-1.829,61.341,0.122
1.72974E+12,2024-10-23T22.30.21.096,10.67,-1.585,62.744,1.098
1.72974E+12,2024-10-23T22.30.21.106,10.68,-1.159,68.049,1.707
1.72974E+12,2024-10-23T22.30.21.116,10.69,0.366,76.707,2.317
1.72974E+12,2024-10-23T22.30.21.126,10.7,2.561,87.683,2.683
1.72974E+12,2024-10-23T22.30.21.136,10.71,5.488,99.634,2.744
1.72974E+12,2024-10-23T22.30.21.146,10.72,8.293,108.171,3.659
1.72974E+12,2024-10-23T22.30.21.156,10.73,10.976,115,4.634
1.72974E+12,2024-10-23T22.30.21.166,10.74,13.293,123.171,5.061
1.72974E+12,2024-10-23T22.30.21.176,10.75,14.207,129.573,5.305
1.72974E+12,2024-10-23T22.30.21.186,10.76,12.805,131.707,5.976
1.72974E+12,2024-10-23T22.30.21.196,10.77,9.268,129.817,6.768
1.72974E+12,2024-10-23T22.30.21.206,10.78,4.756,128.902,6.707
1.72974E+12,2024-10-23T22.30.21.216,10.79,0.366,129.756,7.134
1.72974E+12,2024-10-23T22.30.21.226,10.8,-3.963,127.927,9.146
1.72974E+12,2024-10-23T22.30.21.236,10.81,-7.073,124.939,12.195
1.72974E+12,2024-10-23T22.30.21.246,10.82,-7.134,123.659,15.915
1.72974E+12,2024-10-23T22.30.21.256,10.83,-5.305,120.366,21.159
1.72974E+12,2024-10-23T22.30.21.266,10.84,-2.439,116.951,25.244
1.72974E+12,2024-10-23T22.30.21.276,10.85,0.732,114.207,26.28
1.72974E+12,2024-10-23T22.30.21.286,10.86,2.256,110.061,25.061
1.72974E+12,2024-10-23T22.30.21.296,10.87,2.256,107.744,21.707
1.72974E+12,2024-10-23T22.30.21.306,10.88,0.732,106.89,18.293
1.72974E+12,2024-10-23T22.30.21.316,10.89,-3.049,102.805,17.134
1.72974E+12,2024-10-23T22.30.21.326,10.9,-7.561,95.549,17.927
1.72974E+12,2024-10-23T22.30.21.336,10.91,-10.061,93.72,17.622
1.72974E+12,2024-10-23T22.30.21.346,10.92,-10.488,94.634,15.488
1.72974E+12,2024-10-23T22.30.21.356,10.93,-10.854,92.683,13.72
1.72974E+12,2024-10-23T22.30.21.366,10.94,-11.159,89.39,11.159
1.72974E+12,2024-10-23T22.30.21.376,10.95,-12.012,82.744,8.598
1.72974E+12,2024-10-23T22.30.21.386,10.96,-13.598,74.085,6.28
1.72974E+12,2024-10-23T22.30.21.396,10.97,-14.573,70.061,4.146
1.72974E+12,2024-10-23T22.30.21.406,10.98,-14.756,69.146,3.78
1.72974E+12,2024-10-23T22.30.21.416,10.99,-14.39,66.524,4.817
1.72974E+12,2024-10-23T22.30.21.426,11,-12.927,63.598,6.159
1.72974E+12,2024-10-23T22.30.21.436,11.01,-10.549,62.378,7.805
1.72974E+12,2024-10-23T22.30.21.446,11.02,-7.988,61.22,10.366
1.72974E+12,2024-10-23T22.30.21.456,11.03,-6.22,55.183,13.598
1.72974E+12,2024-10-23T22.30.21.466,11.04,-5.305,47.744,15.244
1.72974E+12,2024-10-23T22.30.21.476,11.05,-4.756,45.488,14.878
1.72974E+12,2024-10-23T22.30.21.486,11.06,-4.756,45.671,14.634
1.72974E+12,2024-10-23T22.30.21.496,11.07,-5.854,44.512,14.939
1.72974E+12,2024-10-23T22.30.21.506,11.08,-6.89,43.598,14.207
1.72974E+12,2024-10-23T22.30.21.516,11.09,-7.439,41.951,11.646
1.72974E+12,2024-10-23T22.30.21.526,11.1,-8.963,35.549,7.622
1.72974E+12,2024-10-23T22.30.21.536,11.11,-11.585,26.707,2.988
1.72974E+12,2024-10-23T22.30.21.546,11.12,-13.72,20.854,-1.402
1.72974E+12,2024-10-23T22.30.21.556,11.13,-14.695,19.024,-4.634
1.72974E+12,2024-10-23T22.30.21.566,11.14,-16.22,17.073,-6.524
1.72974E+12,2024-10-23T22.30.21.576,11.15,-17.988,14.024,-7.988
1.72974E+12,2024-10-23T22.30.21.586,11.16,-18.659,12.073,-9.878
1.72974E+12,2024-10-23T22.30.21.596,11.17,-18.476,8.72,-10.732
1.72974E+12,2024-10-23T22.30.21.606,11.18,-17.683,5,-11.646
1.72974E+12,2024-10-23T22.30.21.616,11.19,-15.183,4.146,-14.756
1.72974E+12,2024-10-23T22.30.21.626,11.2,-11.951,2.744,-16.829
1.72974E+12,2024-10-23T22.30.21.636,11.21,-9.39,-0.915,-15.61
1.72974E+12,2024-10-23T22.30.21.646,11.22,-7.439,-3.72,-14.085
1.72974E+12,2024-10-23T22.30.21.656,11.23,-5.549,-6.402,-12.622
1.72974E+12,2024-10-23T22.30.21.666,11.24,-3.902,-9.451,-10.61
1.72974E+12,2024-10-23T22.30.21.676,11.25,-1.707,-9.39,-10.305
1.72974E+12,2024-10-23T22.30.21.686,11.26,0.671,-8.841,-10.793
1.72974E+12,2024-10-23T22.30.21.696,11.27,2.317,-9.634,-10.915
1.72974E+12,2024-10-23T22.30.21.706,11.28,3.78,-8.841,-10.976
1.72974E+12,2024-10-23T22.30.21.716,11.29,5,-6.341,-10.244
1.72974E+12,2024-10-23T22.30.21.726,11.3,5.671,-5.671,-8.232
1.72974E+12,2024-10-23T22.30.21.736,11.31,5.854,-6.89,-6.585
1.72974E+12,2024-10-23T22.30.21.746,11.32,6.037,-6.585,-6.22
1.72974E+12,2024-10-23T22.30.21.756,11.33,6.341,-5.366,-7.195
1.72974E+12,2024-10-23T22.30.21.766,11.34,6.159,-5.061,-7.622
1.72974E+12,2024-10-23T22.30.21.776,11.35,5.732,-4.329,-7.134
1.72974E+12,2024-10-23T22.30.21.786,11.36,5.183,-3.232,-5.549
1.72974E+12,2024-10-23T22.30.21.796,11.37,4.451,-2.927,-3.598
1.72974E+12,2024-10-23T22.30.21.806,11.38,3.902,-3.11,-1.89
1.72974E+12,2024-10-23T22.30.21.816,11.39,3.537,-2.622,-1.037
1.72974E+12,2024-10-23T22.30.21.826,11.4,3.171,-2.256,-0.549
1.72974E+12,2024-10-23T22.30.21.836,11.41,2.378,-1.829,-0.549
1.72974E+12,2024-10-23T22.30.21.846,11.42,1.585,-1.098,-0.671
1.72974E+12,2024-10-23T22.30.21.856,11.43,1.28,-0.488,-0.854
1.72974E+12,2024-10-23T22.30.21.866,11.44,0.976,-0.488,-0.915
1.72974E+12,2024-10-23T22.30.21.876,11.45,1.037,-1.341,-0.854
1.72974E+12,2024-10-23T22.30.21.886,11.46,0.488,-1.768,0.671
1.72974E+12,2024-10-23T22.30.21.896,11.47,-0.488,-1.89,2.378
1.72974E+12,2024-10-23T22.30.21.906,11.48,-1.402,-2.134,3.049
1.72974E+12,2024-10-23T22.30.21.916,11.49,-2.195,-2.012,2.988
1.72974E+12,2024-10-23T22.30.21.926,11.5,-2.805,-1.524,1.829
1.72974E+12,2024-10-23T22.30.21.936,11.51,-3.598,-2.073,0.305
1.72974E+12,2024-10-23T22.30.21.946,11.52,-4.085,-3.841,-0.793
1.72974E+12,2024-10-23T22.30.21.956,11.53,-3.354,-5.549,-1.341
1.72974E+12,2024-10-23T22.30.21.966,11.54,-1.646,-7.5,-1.646
1.72974E+12,2024-10-23T22.30.21.976,11.55,0.488,-10.244,-1.524
1.72974E+12,2024-10-23T22.30.21.986,11.56,2.134,-13.78,-1.646
1.72974E+12,2024-10-23T22.30.21.996,11.57,3.72,-17.927,-2.439
1.72974E+12,2024-10-23T22.30.22.006,11.58,5.732,-23.293,-2.866
1.72974E+12,2024-10-23T22.30.22.016,11.59,7.683,-28.598,-4.512
1.72974E+12,2024-10-23T22.30.22.026,11.6,8.78,-35.61,-6.768
1.72974E+12,2024-10-23T22.30.22.036,11.61,7.927,-43.171,-7.134
1.72974E+12,2024-10-23T22.30.22.046,11.62,6.463,-46.159,-6.707
1.72974E+12,2024-10-23T22.30.22.056,11.63,4.39,-48.354,-5.915
1.72974E+12,2024-10-23T22.30.22.066,11.64,0.793,-53.293,-5.122
1.72974E+12,2024-10-23T22.30.22.076,11.65,-2.622,-58.902,-5.854
1.72974E+12,2024-10-23T22.30.22.086,11.66,-4.329,-65.183,-6.829
1.72974E+12,2024-10-23T22.30.22.096,11.67,-4.939,-70.61,-6.037
1.72974E+12,2024-10-23T22.30.22.106,11.68,-4.512,-71.768,-3.415
1.72974E+12,2024-10-23T22.30.22.116,11.69,-3.11,-70.854,-1.037
1.72974E+12,2024-10-23T22.30.22.126,11.7,-1.524,-76.646,1.463
1.72974E+12,2024-10-23T22.30.22.136,11.71,0.732,-83.598,3.659
1.72974E+12,2024-10-23T22.30.22.146,11.72,3.963,-85.976,3.659
1.72974E+12,2024-10-23T22.30.22.156,11.73,6.524,-89.695,3.963
1.72974E+12,2024-10-23T22.30.22.166,11.74,8.537,-95,4.146
1.72974E+12,2024-10-23T22.30.22.176,11.75,10.366,-99.573,3.476
1.72974E+12,2024-10-23T22.30.22.186,11.76,11.585,-104.817,4.817
1.72974E+12,2024-10-23T22.30.22.196,11.77,12.866,-107.073,6.341
1.72974E+12,2024-10-23T22.30.22.206,11.78,14.512,-106.951,6.646
1.72974E+12,2024-10-23T22.30.22.216,11.79,16.463,-110.549,7.256
1.72974E+12,2024-10-23T22.30.22.226,11.8,20.366,-116.28,7.805
1.72974E+12,2024-10-23T22.30.22.236,11.81,27.5,-120.793,7.744
1.72974E+12,2024-10-23T22.30.22.246,11.82,37.5,-126.159,7.012
1.72974E+12,2024-10-23T22.30.22.256,11.83,47.683,-134.695,5.549
1.72974E+12,2024-10-23T22.30.22.266,11.84,55.671,-146.463,3.78
1.72974E+12,2024-10-23T22.30.22.276,11.85,60.671,-155.305,3.598
1.72974E+12,2024-10-23T22.30.22.286,11.86,62.622,-154.695,3.354
1.72974E+12,2024-10-23T22.30.22.296,11.87,62.073,-151.463,4.878
1.72974E+12,2024-10-23T22.30.22.306,11.88,58.963,-148.659,7.805
1.72974E+12,2024-10-23T22.30.22.316,11.89,54.268,-144.329,8.171
1.72974E+12,2024-10-23T22.30.22.326,11.9,47.988,-140.732,7.622
1.72974E+12,2024-10-23T22.30.22.336,11.91,40.244,-137.378,6.585
1.72974E+12,2024-10-23T22.30.22.346,11.92,32.378,-132.683,4.451
1.72974E+12,2024-10-23T22.30.22.356,11.93,23.78,-126.707,2.012
1.72974E+12,2024-10-23T22.30.22.366,11.94,14.634,-119.146,0.122
1.72974E+12,2024-10-23T22.30.22.376,11.95,6.098,-112.5,0.793
1.72974E+12,2024-10-23T22.30.22.386,11.96,-1.829,-107.378,2.988
1.72974E+12,2024-10-23T22.30.22.396,11.97,-7.378,-97.622,2.744
1.72974E+12,2024-10-23T22.30.22.406,11.98,-10.366,-84.512,1.22
1.72974E+12,2024-10-23T22.30.22.416,11.99,-12.805,-74.329,0.122
1.72974E+12,2024-10-23T22.30.22.426,12,-16.28,-68.902,0.122
1.72974E+12,2024-10-23T22.30.22.436,12.01,-19.695,-64.268,-0.061
1.72974E+12,2024-10-23T22.30.22.446,12.02,-22.012,-56.22,-1.341
1.72974E+12,2024-10-23T22.30.22.456,12.03,-23.476,-48.11,-2.439
1.72974E+12,2024-10-23T22.30.22.466,12.04,-24.024,-44.39,-1.585
1.72974E+12,2024-10-23T22.30.22.476,12.05,-23.354,-42.805,-0.732
1.72974E+12,2024-10-23T22.30.22.486,12.06,-21.341,-40.976,-1.28
1.72974E+12,2024-10-23T22.30.22.496,12.07,-19.329,-40.549,-2.134
1.72974E+12,2024-10-23T22.30.22.506,12.08,-17.683,-41.829,-2.5
1.72974E+12,2024-10-23T22.30.22.516,12.09,-15.976,-41.524,-1.829
1.72974E+12,2024-10-23T22.30.22.526,12.1,-13.78,-37.683,-0.732
1.72974E+12,2024-10-23T22.30.22.536,12.11,-11.22,-34.268,1.524
1.72974E+12,2024-10-23T22.30.22.546,12.12,-8.902,-32.927,4.756
1.72974E+12,2024-10-23T22.30.22.556,12.13,-5.793,-29.573,6.098
1.72974E+12,2024-10-23T22.30.22.566,12.14,-2.683,-24.878,5.854
1.72974E+12,2024-10-23T22.30.22.576,12.15,-0.61,-20.183,3.476
1.72974E+12,2024-10-23T22.30.22.586,12.16,0.61,-15.122,0.854
1.72974E+12,2024-10-23T22.30.22.596,12.17,1.402,-9.817,-0.305
1.72974E+12,2024-10-23T22.30.22.606,12.18,2.073,-4.573,-0.305
1.72974E+12,2024-10-23T22.30.22.616,12.19,2.805,1.037,1.341
1.72974E+12,2024-10-23T22.30.22.626,12.2,4.207,8.354,2.927
1.72974E+12,2024-10-23T22.30.22.636,12.21,6.28,16.037,4.207
1.72974E+12,2024-10-23T22.30.22.646,12.22,7.866,23.902,3.963
1.72974E+12,2024-10-23T22.30.22.656,12.23,8.537,32.317,2.256
1.72974E+12,2024-10-23T22.30.22.666,12.24,7.683,36.768,1.22
1.72974E+12,2024-10-23T22.30.22.676,12.25,5.549,37.988,2.134
1.72974E+12,2024-10-23T22.30.22.686,12.26,4.878,43.659,3.293
1.72974E+12,2024-10-23T22.30.22.696,12.27,5.549,51.89,4.39
1.72974E+12,2024-10-23T22.30.22.706,12.28,6.22,57.439,5.915
1.72974E+12,2024-10-23T22.30.22.716,12.29,6.402,61.829,6.524
1.72974E+12,2024-10-23T22.30.22.726,12.3,6.768,66.829,5.549
1.72974E+12,2024-10-23T22.30.22.736,12.31,6.646,69.573,4.634
1.72974E+12,2024-10-23T22.30.22.746,12.32,6.341,70.854,4.268
1.72974E+12,2024-10-23T22.30.22.756,12.33,6.829,73.354,3.841
1.72974E+12,2024-10-23T22.30.22.766,12.34,7.866,75.793,4.268
1.72974E+12,2024-10-23T22.30.22.776,12.35,9.207,76.341,5.854
1.72974E+12,2024-10-23T22.30.22.786,12.36,10.976,76.341,7.744
1.72974E+12,2024-10-23T22.30.22.796,12.37,12.805,77.195,9.146
1.72974E+12,2024-10-23T22.30.22.806,12.38,14.451,80.61,9.451
1.72974E+12,2024-10-23T22.30.22.816,12.39,16.22,86.037,9.268
1.72974E+12,2024-10-23T22.30.22.826,12.4,16.829,87.683,9.329
1.72974E+12,2024-10-23T22.30.22.836,12.41,16.463,85.976,9.146
1.72974E+12,2024-10-23T22.30.22.846,12.42,17.012,86.524,8.72
1.72974E+12,2024-10-23T22.30.22.856,12.43,18.293,89.207,8.232
1.72974E+12,2024-10-23T22.30.22.866,12.44,19.268,92.622,7.439
1.72974E+12,2024-10-23T22.30.22.876,12.45,19.573,94.817,7.378
1.72974E+12,2024-10-23T22.30.22.886,12.46,18.72,96.098,8.293
1.72974E+12,2024-10-23T22.30.22.896,12.47,16.524,99.329,9.939
1.72974E+12,2024-10-23T22.30.22.906,12.48,14.146,106.037,10.854
1.72974E+12,2024-10-23T22.30.22.916,12.49,11.768,113.598,12.195
1.72974E+12,2024-10-23T22.30.22.926,12.5,10.366,122.195,13.537
1.72974E+12,2024-10-23T22.30.22.936,12.51,10.854,133.476,14.817
1.72974E+12,2024-10-23T22.30.22.946,12.52,11.22,141.585,16.402
1.72974E+12,2024-10-23T22.30.22.956,12.53,9.573,137.988,19.939
1.72974E+12,2024-10-23T22.30.22.966,12.54,7.683,132.073,23.293
1.72974E+12,2024-10-23T22.30.22.976,12.55,7.256,134.695,22.927
1.72974E+12,2024-10-23T22.30.22.986,12.56,6.585,137.561,21.829
1.72974E+12,2024-10-23T22.30.22.996,12.57,4.634,136.463,21.341
1.72974E+12,2024-10-23T22.30.23.006,12.58,2.866,134.878,20.793
1.72974E+12,2024-10-23T22.30.23.016,12.59,2.988,134.146,20.793
1.72974E+12,2024-10-23T22.30.23.026,12.6,4.085,129.939,22.5
1.72974E+12,2024-10-23T22.30.23.036,12.61,5.122,120.488,24.878
1.72974E+12,2024-10-23T22.30.23.046,12.62,6.463,112.012,26.037
1.72974E+12,2024-10-23T22.30.23.056,12.63,8.171,108.963,23.659
1.72974E+12,2024-10-23T22.30.23.066,12.64,8.11,103.11,20.915
1.72974E+12,2024-10-23T22.30.23.076,12.65,6.402,93.476,19.329
1.72974E+12,2024-10-23T22.30.23.086,12.66,3.902,87.927,17.012
1.72974E+12,2024-10-23T22.30.23.096,12.67,0.976,82.195,14.878
1.72974E+12,2024-10-23T22.30.23.106,12.68,-2.561,72.5,15.122
1.72974E+12,2024-10-23T22.30.23.116,12.69,-5.244,63.72,14.329
1.72974E+12,2024-10-23T22.30.23.126,12.7,-7.134,58.171,11.951
1.72974E+12,2024-10-23T22.30.23.136,12.71,-9.756,51.646,10.183
1.72974E+12,2024-10-23T22.30.23.146,12.72,-14.207,42.317,9.756
1.72974E+12,2024-10-23T22.30.23.156,12.73,-19.085,34.695,10.366
1.72974E+12,2024-10-23T22.30.23.166,12.74,-23.232,31.159,9.817
1.72974E+12,2024-10-23T22.30.23.176,12.75,-26.646,27.744,7.805
1.72974E+12,2024-10-23T22.30.23.186,12.76,-29.085,21.707,5.366
1.72974E+12,2024-10-23T22.30.23.196,12.77,-28.963,17.744,1.098
1.72974E+12,2024-10-23T22.30.23.206,12.78,-26.463,16.098,-3.598
1.72974E+12,2024-10-23T22.30.23.216,12.79,-23.72,14.695,-5.976
1.72974E+12,2024-10-23T22.30.23.226,12.8,-21.28,12.683,-5.61
1.72974E+12,2024-10-23T22.30.23.236,12.81,-19.39,9.512,-4.146
1.72974E+12,2024-10-23T22.30.23.246,12.82,-18.11,5.854,-3.232
1.72974E+12,2024-10-23T22.30.23.256,12.83,-17.134,1.646,-4.024
1.72974E+12,2024-10-23T22.30.23.266,12.84,-16.037,-1.951,-6.037
1.72974E+12,2024-10-23T22.30.23.276,12.85,-14.634,-2.927,-8.232
1.72974E+12,2024-10-23T22.30.23.286,12.86,-12.927,-1.951,-8.841
1.72974E+12,2024-10-23T22.30.23.296,12.87,-11.098,-1.707,-9.085
1.72974E+12,2024-10-23T22.30.23.306,12.88,-9.451,-2.195,-9.695
1.72974E+12,2024-10-23T22.30.23.316,12.89,-8.232,-4.085,-9.512
1.72974E+12,2024-10-23T22.30.23.326,12.9,-7.256,-5.854,-9.146
1.72974E+12,2024-10-23T22.30.23.336,12.91,-6.22,-7.134,-9.024
1.72974E+12,2024-10-23T22.30.23.346,12.92,-5.793,-8.598,-8.293
1.72974E+12,2024-10-23T22.30.23.356,12.93,-5.61,-9.207,-6.951
1.72974E+12,2024-10-23T22.30.23.366,12.94,-5,-7.744,-5.915
1.72974E+12,2024-10-23T22.30.23.376,12.95,-4.329,-6.89,-5.549
1.72974E+12,2024-10-23T22.30.23.386,12.96,-3.78,-7.378,-6.037
1.72974E+12,2024-10-23T22.30.23.396,12.97,-3.11,-7.622,-7.134
1.72974E+12,2024-10-23T22.30.23.406,12.98,-2.744,-7.439,-7.988
1.72974E+12,2024-10-23T22.30.23.416,12.99,-2.744,-6.463,-7.683
1.72974E+12,2024-10-23T22.30.23.426,13,-2.683,-5,-6.89
1.72974E+12,2024-10-23T22.30.23.436,13.01,-2.805,-3.963,-6.463
1.72974E+12,2024-10-23T22.30.23.446,13.02,-3.415,-4.024,-6.037
1.72974E+12,2024-10-23T22.30.23.456,13.03,-3.415,-2.866,-6.646
1.72974E+12,2024-10-23T22.30.23.466,13.04,-3.171,-1.89,-8.049
1.72974E+12,2024-10-23T22.30.23.476,13.05,-2.988,-2.805,-9.573
1.72974E+12,2024-10-23T22.30.23.486,13.06,-2.805,-3.232,-11.037
1.72974E+12,2024-10-23T22.30.23.496,13.07,-2.805,-2.866,-11.037
1.72974E+12,2024-10-23T22.30.23.506,13.08,-2.927,-3.171,-10.61
1.72974E+12,2024-10-23T22.30.23.516,13.09,-2.927,-3.232,-11.22
1.72974E+12,2024-10-23T22.30.23.526,13.1,-2.805,-3.293,-13.049
1.72974E+12,2024-10-23T22.30.23.536,13.11,-2.317,-3.598,-15.61
1.72974E+12,2024-10-23T22.30.23.546,13.12,-1.646,-3.659,-18.293
1.72974E+12,2024-10-23T22.30.23.556,13.13,-1.098,-3.232,-19.817
1.72974E+12,2024-10-23T22.30.23.566,13.14,-0.61,-3.293,-20.549
1.72974E+12,2024-10-23T22.30.23.576,13.15,-0.549,-4.451,-20.488
1.72974E+12,2024-10-23T22.30.23.586,13.16,-0.549,-4.939,-20.732
1.72974E+12,2024-10-23T22.30.23.596,13.17,-0.488,-4.817,-21.707
1.72974E+12,2024-10-23T22.30.23.606,13.18,-0.671,-4.573,-22.744
1.72974E+12,2024-10-23T22.30.23.616,13.19,-0.61,-3.963,-24.024
1.72974E+12,2024-10-23T22.30.23.626,13.2,-0.732,-3.902,-24.329
1.72974E+12,2024-10-23T22.30.23.636,13.21,-1.402,-4.512,-22.073
1.72974E+12,2024-10-23T22.30.23.646,13.22,-2.317,-4.573,-18.537
1.72974E+12,2024-10-23T22.30.23.656,13.23,-3.11,-3.293,-15.732
1.72974E+12,2024-10-23T22.30.23.666,13.24,-3.72,-2.256,-14.695
1.72974E+12,2024-10-23T22.30.23.676,13.25,-4.085,-2.195,-15.122
1.72974E+12,2024-10-23T22.30.23.686,13.26,-4.146,-2.195,-17.134
1.72974E+12,2024-10-23T22.30.23.696,13.27,-4.024,-2.012,-19.085
1.72974E+12,2024-10-23T22.30.23.706,13.28,-3.841,-1.463,-19.207
1.72974E+12,2024-10-23T22.30.23.716,13.29,-3.598,-0.671,-17.744
1.72974E+12,2024-10-23T22.30.23.726,13.3,-3.537,-0.61,-15.122
1.72974E+12,2024-10-23T22.30.23.736,13.31,-3.72,-0.732,-12.805
1.72974E+12,2024-10-23T22.30.23.746,13.32,-3.659,-0.732,-11.341
1.72974E+12,2024-10-23T22.30.23.756,13.33,-3.415,-0.427,-10.549
1.72974E+12,2024-10-23T22.30.23.766,13.34,-3.232,-0.61,-10.61
1.72974E+12,2024-10-23T22.30.23.776,13.35,-2.805,-1.28,-10.305
1.72974E+12,2024-10-23T22.30.23.786,13.36,-2.5,-1.646,-9.085
1.72974E+12,2024-10-23T22.30.23.796,13.37,-2.073,-1.646,-7.439
1.72974E+12,2024-10-23T22.30.23.806,13.38,-1.585,-1.585,-6.28
1.72974E+12,2024-10-23T22.30.23.816,13.39,-0.915,-1.829,-5.549
1.72974E+12,2024-10-23T22.30.23.826,13.4,-0.366,-2.073,-5
1.72974E+12,2024-10-23T22.30.23.836,13.41,-0.061,-2.317,-4.634
1.72974E+12,2024-10-23T22.30.23.846,13.42,-0.122,-3.293,-4.329
1.72974E+12,2024-10-23T22.30.23.856,13.43,-0.244,-3.72,-3.72
1.72974E+12,2024-10-23T22.30.23.866,13.44,-0.183,-2.256,-3.476
1.72974E+12,2024-10-23T22.30.23.876,13.45,-0.366,-1.098,-3.11
1.72974E+12,2024-10-23T22.30.23.886,13.46,-0.671,-1.463,-2.256
1.72974E+12,2024-10-23T22.30.23.896,13.47,-0.732,-1.28,-2.195
1.72974E+12,2024-10-23T22.30.23.906,13.48,-0.366,-0.793,-2.805
1.72974E+12,2024-10-23T22.30.23.916,13.49,-0.061,-0.488,-3.78
1.72974E+12,2024-10-23T22.30.23.926,13.5,0.061,-0.732,-4.024
1.72974E+12,2024-10-23T22.30.23.936,13.51,-0.183,-0.854,-2.927
1.72974E+12,2024-10-23T22.30.23.946,13.52,0.122,-0.122,-2.134
1.72974E+12,2024-10-23T22.30.23.956,13.53,0.488,0.122,-1.646
1.72974E+12,2024-10-23T22.30.23.966,13.54,0.671,-0.549,-1.707
1.72974E+12,2024-10-23T22.30.23.976,13.55,1.159,-0.61,-2.866
1.72974E+12,2024-10-23T22.30.23.986,13.56,1.707,-0.671,-4.451
1.72974E+12,2024-10-23T22.30.23.996,13.57,2.073,-1.159,-5.549
1.72974E+12,2024-10-23T22.30.24.006,13.58,2.012,-1.341,-6.28
1.72974E+12,2024-10-23T22.30.24.016,13.59,1.402,-0.854,-5.854
