epoc (ms),timestamp (-0500),elapsed (s),x-axis (g),y-axis (g),z-axis (g)
1732908793589,2024-11-29T14.33.13.589,0.000,-0.959,0.259,0.154
1732908793599,2024-11-29T14.33.13.599,0.010,-0.966,0.265,0.150
1732908793609,2024-11-29T14.33.13.609,0.020,-0.962,0.263,0.147
1732908793619,2024-11-29T14.33.13.619,0.030,-0.960,0.262,0.151
1732908793629,2024-11-29T14.33.13.629,0.040,-0.960,0.261,0.154
1732908793639,2024-11-29T14.33.13.639,0.050,-0.962,0.258,0.152
1732908793649,2024-11-29T14.33.13.649,0.060,-0.970,0.257,0.152
1732908793659,2024-11-29T14.33.13.659,0.070,-0.974,0.258,0.151
1732908793669,2024-11-29T14.33.13.669,0.080,-0.965,0.256,0.150
1732908793679,2024-11-29T14.33.13.679,0.090,-0.954,0.256,0.149
1732908793689,2024-11-29T14.33.13.689,0.100,-0.952,0.259,0.148
1732908793699,2024-11-29T14.33.13.699,0.110,-0.956,0.263,0.147
1732908793709,2024-11-29T14.33.13.709,0.120,-0.962,0.264,0.151
1732908793719,2024-11-29T14.33.13.719,0.130,-0.966,0.263,0.154
1732908793729,2024-11-29T14.33.13.729,0.140,-0.970,0.262,0.152
1732908793739,2024-11-29T14.33.13.739,0.150,-0.967,0.261,0.155
1732908793749,2024-11-29T14.33.13.749,0.160,-0.963,0.258,0.151
1732908793759,2024-11-29T14.33.13.759,0.170,-0.958,0.255,0.150
1732908793769,2024-11-29T14.33.13.769,0.180,-0.959,0.254,0.152
1732908793779,2024-11-29T14.33.13.779,0.190,-0.958,0.252,0.149
1732908793789,2024-11-29T14.33.13.789,0.200,-0.960,0.252,0.152
1732908793799,2024-11-29T14.33.13.799,0.210,-0.962,0.250,0.153
1732908793809,2024-11-29T14.33.13.809,0.220,-0.960,0.256,0.156
1732908793819,2024-11-29T14.33.13.819,0.230,-0.961,0.261,0.155
1732908793829,2024-11-29T14.33.13.829,0.240,-0.959,0.260,0.153
1732908793839,2024-11-29T14.33.13.839,0.250,-0.957,0.262,0.154
1732908793849,2024-11-29T14.33.13.849,0.260,-0.955,0.262,0.154
1732908793859,2024-11-29T14.33.13.859,0.270,-0.956,0.265,0.154
1732908793869,2024-11-29T14.33.13.869,0.280,-0.961,0.264,0.158
1732908793879,2024-11-29T14.33.13.879,0.290,-0.963,0.264,0.160
1732908793889,2024-11-29T14.33.13.889,0.300,-0.963,0.263,0.160
1732908793899,2024-11-29T14.33.13.899,0.310,-0.964,0.259,0.159
1732908793909,2024-11-29T14.33.13.909,0.320,-0.960,0.258,0.160
1732908793919,2024-11-29T14.33.13.919,0.330,-0.962,0.254,0.161
1732908793929,2024-11-29T14.33.13.929,0.340,-0.963,0.253,0.160
1732908793939,2024-11-29T14.33.13.939,0.350,-0.966,0.258,0.157
1732908793949,2024-11-29T14.33.13.949,0.360,-0.966,0.259,0.160
1732908793959,2024-11-29T14.33.13.959,0.370,-0.963,0.259,0.160
1732908793969,2024-11-29T14.33.13.969,0.380,-0.962,0.261,0.159
1732908793979,2024-11-29T14.33.13.979,0.390,-0.962,0.265,0.158
1732908793989,2024-11-29T14.33.13.989,0.400,-0.962,0.265,0.156
1732908793999,2024-11-29T14.33.13.999,0.410,-0.959,0.265,0.155
1732908794009,2024-11-29T14.33.14.009,0.420,-0.959,0.266,0.152
1732908794019,2024-11-29T14.33.14.019,0.430,-0.960,0.267,0.152
1732908794029,2024-11-29T14.33.14.029,0.440,-0.960,0.267,0.153
1732908794039,2024-11-29T14.33.14.039,0.450,-0.961,0.268,0.155
1732908794049,2024-11-29T14.33.14.049,0.460,-0.958,0.268,0.154
1732908794059,2024-11-29T14.33.14.059,0.470,-0.961,0.264,0.153
1732908794069,2024-11-29T14.33.14.069,0.480,-0.961,0.264,0.152
1732908794079,2024-11-29T14.33.14.079,0.490,-0.959,0.264,0.151
1732908794089,2024-11-29T14.33.14.089,0.500,-0.960,0.264,0.154
1732908794099,2024-11-29T14.33.14.099,0.510,-0.961,0.264,0.151
1732908794109,2024-11-29T14.33.14.109,0.520,-0.962,0.265,0.151
1732908794119,2024-11-29T14.33.14.119,0.530,-0.963,0.264,0.154
1732908794129,2024-11-29T14.33.14.129,0.540,-0.964,0.262,0.150
1732908794139,2024-11-29T14.33.14.139,0.550,-0.961,0.260,0.151
1732908794149,2024-11-29T14.33.14.149,0.560,-0.960,0.256,0.152
1732908794159,2024-11-29T14.33.14.159,0.570,-0.958,0.255,0.152
1732908794169,2024-11-29T14.33.14.169,0.580,-0.956,0.251,0.154
1732908794179,2024-11-29T14.33.14.179,0.590,-0.958,0.250,0.153
1732908794189,2024-11-29T14.33.14.189,0.600,-0.960,0.251,0.154
1732908794199,2024-11-29T14.33.14.199,0.610,-0.965,0.253,0.152
1732908794209,2024-11-29T14.33.14.209,0.620,-0.965,0.253,0.153
1732908794219,2024-11-29T14.33.14.219,0.630,-0.961,0.254,0.152
1732908794229,2024-11-29T14.33.14.229,0.640,-0.957,0.254,0.149
1732908794239,2024-11-29T14.33.14.239,0.650,-0.959,0.258,0.151
1732908794249,2024-11-29T14.33.14.249,0.660,-0.964,0.261,0.151
1732908794259,2024-11-29T14.33.14.259,0.670,-0.961,0.259,0.149
1732908794269,2024-11-29T14.33.14.269,0.680,-0.958,0.257,0.149
1732908794279,2024-11-29T14.33.14.279,0.690,-0.959,0.259,0.150
1732908794289,2024-11-29T14.33.14.289,0.700,-0.962,0.262,0.151
1732908794299,2024-11-29T14.33.14.299,0.710,-0.964,0.261,0.151
1732908794309,2024-11-29T14.33.14.309,0.720,-0.965,0.261,0.151
1732908794319,2024-11-29T14.33.14.319,0.730,-0.966,0.262,0.153
1732908794329,2024-11-29T14.33.14.329,0.740,-0.965,0.261,0.154
1732908794339,2024-11-29T14.33.14.339,0.750,-0.962,0.262,0.152
1732908794349,2024-11-29T14.33.14.349,0.760,-0.959,0.261,0.156
1732908794359,2024-11-29T14.33.14.359,0.770,-0.958,0.260,0.153
1732908794369,2024-11-29T14.33.14.369,0.780,-0.957,0.263,0.154
1732908794379,2024-11-29T14.33.14.379,0.790,-0.959,0.264,0.153
1732908794389,2024-11-29T14.33.14.389,0.800,-0.959,0.267,0.151
1732908794399,2024-11-29T14.33.14.399,0.810,-0.958,0.269,0.152
1732908794409,2024-11-29T14.33.14.409,0.820,-0.956,0.269,0.153
1732908794419,2024-11-29T14.33.14.419,0.830,-0.958,0.271,0.152
1732908794429,2024-11-29T14.33.14.429,0.840,-0.959,0.270,0.152
1732908794439,2024-11-29T14.33.14.439,0.850,-0.959,0.267,0.151
1732908794449,2024-11-29T14.33.14.449,0.860,-0.962,0.267,0.155
1732908794459,2024-11-29T14.33.14.459,0.870,-0.962,0.264,0.153
1732908794469,2024-11-29T14.33.14.469,0.880,-0.962,0.263,0.153
1732908794479,2024-11-29T14.33.14.479,0.890,-0.964,0.260,0.155
1732908794489,2024-11-29T14.33.14.489,0.900,-0.961,0.256,0.154
1732908794499,2024-11-29T14.33.14.499,0.910,-0.966,0.257,0.159
1732908794509,2024-11-29T14.33.14.509,0.920,-0.969,0.255,0.158
1732908794519,2024-11-29T14.33.14.519,0.930,-0.963,0.251,0.157
1732908794529,2024-11-29T14.33.14.529,0.940,-0.956,0.251,0.153
1732908794539,2024-11-29T14.33.14.539,0.950,-0.955,0.254,0.154
1732908794549,2024-11-29T14.33.14.549,0.960,-0.961,0.257,0.157
1732908794559,2024-11-29T14.33.14.559,0.970,-0.965,0.258,0.156
1732908794569,2024-11-29T14.33.14.569,0.980,-0.965,0.259,0.155
1732908794579,2024-11-29T14.33.14.579,0.990,-0.961,0.262,0.157
1732908794589,2024-11-29T14.33.14.589,1.000,-0.960,0.257,0.154
1732908794599,2024-11-29T14.33.14.599,1.010,-0.963,0.255,0.150
1732908794609,2024-11-29T14.33.14.609,1.020,-0.961,0.255,0.154
1732908794619,2024-11-29T14.33.14.619,1.030,-0.959,0.254,0.154
1732908794629,2024-11-29T14.33.14.629,1.040,-0.961,0.255,0.151
1732908794639,2024-11-29T14.33.14.639,1.050,-0.958,0.255,0.150
1732908794649,2024-11-29T14.33.14.649,1.060,-0.957,0.256,0.152
1732908794659,2024-11-29T14.33.14.659,1.070,-0.959,0.257,0.152
1732908794669,2024-11-29T14.33.14.669,1.080,-0.961,0.262,0.155
1732908794679,2024-11-29T14.33.14.679,1.090,-0.961,0.264,0.155
1732908794689,2024-11-29T14.33.14.689,1.100,-0.965,0.264,0.152
1732908794699,2024-11-29T14.33.14.699,1.110,-0.964,0.265,0.153
1732908794709,2024-11-29T14.33.14.709,1.120,-0.960,0.263,0.157
1732908794719,2024-11-29T14.33.14.719,1.130,-0.960,0.263,0.155
1732908794729,2024-11-29T14.33.14.729,1.140,-0.962,0.265,0.157
1732908794739,2024-11-29T14.33.14.739,1.150,-0.959,0.263,0.156
1732908794749,2024-11-29T14.33.14.749,1.160,-0.961,0.261,0.157
1732908794759,2024-11-29T14.33.14.759,1.170,-0.964,0.259,0.157
1732908794769,2024-11-29T14.33.14.769,1.180,-0.965,0.258,0.157
1732908794779,2024-11-29T14.33.14.779,1.190,-0.962,0.257,0.157
1732908794789,2024-11-29T14.33.14.789,1.200,-0.961,0.257,0.158
1732908794799,2024-11-29T14.33.14.799,1.210,-0.958,0.259,0.159
1732908794809,2024-11-29T14.33.14.809,1.220,-0.959,0.261,0.156
1732908794819,2024-11-29T14.33.14.819,1.230,-0.963,0.261,0.160
1732908794829,2024-11-29T14.33.14.829,1.240,-0.962,0.262,0.159
1732908794839,2024-11-29T14.33.14.839,1.250,-0.965,0.261,0.156
1732908794849,2024-11-29T14.33.14.849,1.260,-0.962,0.260,0.158
1732908794859,2024-11-29T14.33.14.859,1.270,-0.959,0.260,0.158
1732908794869,2024-11-29T14.33.14.869,1.280,-0.958,0.263,0.155
1732908794879,2024-11-29T14.33.14.879,1.290,-0.956,0.267,0.153
1732908794889,2024-11-29T14.33.14.889,1.300,-0.957,0.266,0.156
1732908794899,2024-11-29T14.33.14.899,1.310,-0.953,0.265,0.156
1732908794909,2024-11-29T14.33.14.909,1.320,-0.950,0.268,0.161
1732908794919,2024-11-29T14.33.14.919,1.330,-0.953,0.269,0.169
1732908794929,2024-11-29T14.33.14.929,1.340,-0.957,0.271,0.178
1732908794939,2024-11-29T14.33.14.939,1.350,-0.969,0.275,0.186
1732908794949,2024-11-29T14.33.14.949,1.360,-0.984,0.274,0.194
1732908794959,2024-11-29T14.33.14.959,1.370,-0.999,0.271,0.201
1732908794969,2024-11-29T14.33.14.969,1.380,-1.009,0.259,0.208
1732908794979,2024-11-29T14.33.14.979,1.390,-1.009,0.245,0.211
1732908794989,2024-11-29T14.33.14.989,1.400,-0.995,0.244,0.218
1732908794999,2024-11-29T14.33.14.999,1.410,-0.954,0.241,0.214
1732908795009,2024-11-29T14.33.15.009,1.420,-0.970,0.229,0.201
1732908795019,2024-11-29T14.33.15.019,1.430,-1.022,0.234,0.219
1732908795029,2024-11-29T14.33.15.029,1.440,-1.020,0.239,0.213
1732908795039,2024-11-29T14.33.15.039,1.450,-1.003,0.234,0.200
1732908795049,2024-11-29T14.33.15.049,1.460,-1.015,0.236,0.200
1732908795059,2024-11-29T14.33.15.059,1.470,-1.012,0.235,0.195
1732908795069,2024-11-29T14.33.15.069,1.480,-1.006,0.236,0.189
1732908795079,2024-11-29T14.33.15.079,1.490,-1.009,0.240,0.189
1732908795089,2024-11-29T14.33.15.089,1.500,-1.007,0.245,0.187
1732908795099,2024-11-29T14.33.15.099,1.510,-0.999,0.247,0.174
1732908795109,2024-11-29T14.33.15.109,1.520,-1.002,0.251,0.161
1732908795119,2024-11-29T14.33.15.119,1.530,-1.009,0.258,0.145
1732908795129,2024-11-29T14.33.15.129,1.540,-1.011,0.267,0.133
1732908795139,2024-11-29T14.33.15.139,1.550,-1.012,0.277,0.121
1732908795149,2024-11-29T14.33.15.149,1.560,-1.002,0.284,0.104
1732908795159,2024-11-29T14.33.15.159,1.570,-1.003,0.286,0.085
1732908795169,2024-11-29T14.33.15.169,1.580,-1.003,0.284,0.073
1732908795179,2024-11-29T14.33.15.179,1.590,-1.002,0.280,0.062
1732908795189,2024-11-29T14.33.15.189,1.600,-1.000,0.278,0.048
1732908795199,2024-11-29T14.33.15.199,1.610,-0.997,0.278,0.036
1732908795209,2024-11-29T14.33.15.209,1.620,-0.993,0.279,0.014
1732908795219,2024-11-29T14.33.15.219,1.630,-0.988,0.275,-0.011
1732908795229,2024-11-29T14.33.15.229,1.640,-0.984,0.273,-0.030
1732908795239,2024-11-29T14.33.15.239,1.650,-0.983,0.276,-0.041
1732908795249,2024-11-29T14.33.15.249,1.660,-0.967,0.271,-0.065
1732908795259,2024-11-29T14.33.15.259,1.670,-0.944,0.266,-0.091
1732908795269,2024-11-29T14.33.15.269,1.680,-0.923,0.263,-0.120
1732908795279,2024-11-29T14.33.15.279,1.690,-0.900,0.270,-0.157
1732908795289,2024-11-29T14.33.15.289,1.700,-0.887,0.269,-0.192
1732908795299,2024-11-29T14.33.15.299,1.710,-0.869,0.270,-0.227
1732908795309,2024-11-29T14.33.15.309,1.720,-0.848,0.276,-0.274
1732908795319,2024-11-29T14.33.15.319,1.730,-0.820,0.277,-0.324
1732908795329,2024-11-29T14.33.15.329,1.740,-0.778,0.285,-0.377
1732908795339,2024-11-29T14.33.15.339,1.750,-0.745,0.289,-0.437
1732908795349,2024-11-29T14.33.15.349,1.760,-0.734,0.291,-0.481
1732908795359,2024-11-29T14.33.15.359,1.770,-0.752,0.296,-0.518
1732908795369,2024-11-29T14.33.15.369,1.780,-0.759,0.303,-0.544
1732908795379,2024-11-29T14.33.15.379,1.790,-0.752,0.307,-0.574
1732908795389,2024-11-29T14.33.15.389,1.800,-0.751,0.312,-0.600
1732908795399,2024-11-29T14.33.15.399,1.810,-0.758,0.317,-0.609
1732908795409,2024-11-29T14.33.15.409,1.820,-0.756,0.319,-0.622
1732908795419,2024-11-29T14.33.15.419,1.830,-0.763,0.326,-0.622
1732908795429,2024-11-29T14.33.15.429,1.840,-0.776,0.334,-0.613
1732908795439,2024-11-29T14.33.15.439,1.850,-0.791,0.335,-0.606
1732908795449,2024-11-29T14.33.15.449,1.860,-0.795,0.338,-0.599
1732908795459,2024-11-29T14.33.15.459,1.870,-0.789,0.340,-0.593
1732908795469,2024-11-29T14.33.15.469,1.880,-0.780,0.333,-0.587
1732908795479,2024-11-29T14.33.15.479,1.890,-0.779,0.324,-0.583
1732908795489,2024-11-29T14.33.15.489,1.900,-0.794,0.317,-0.585
1732908795499,2024-11-29T14.33.15.499,1.910,-0.811,0.313,-0.573
1732908795509,2024-11-29T14.33.15.509,1.920,-0.815,0.311,-0.562
1732908795519,2024-11-29T14.33.15.519,1.930,-0.816,0.314,-0.554
1732908795529,2024-11-29T14.33.15.529,1.940,-0.822,0.315,-0.544
1732908795539,2024-11-29T14.33.15.539,1.950,-0.817,0.319,-0.541
1732908795549,2024-11-29T14.33.15.549,1.960,-0.814,0.320,-0.542
1732908795559,2024-11-29T14.33.15.559,1.970,-0.818,0.315,-0.536
1732908795569,2024-11-29T14.33.15.569,1.980,-0.821,0.310,-0.518
1732908795579,2024-11-29T14.33.15.579,1.990,-0.839,0.300,-0.504
1732908795589,2024-11-29T14.33.15.589,2.000,-0.850,0.292,-0.491
1732908795599,2024-11-29T14.33.15.599,2.010,-0.847,0.285,-0.495
1732908795609,2024-11-29T14.33.15.609,2.020,-0.847,0.280,-0.492
1732908795619,2024-11-29T14.33.15.619,2.030,-0.848,0.280,-0.502
1732908795629,2024-11-29T14.33.15.629,2.040,-0.843,0.281,-0.517
1732908795639,2024-11-29T14.33.15.639,2.050,-0.830,0.284,-0.526
1732908795649,2024-11-29T14.33.15.649,2.060,-0.816,0.286,-0.537
1732908795659,2024-11-29T14.33.15.659,2.070,-0.807,0.285,-0.542
1732908795669,2024-11-29T14.33.15.669,2.080,-0.804,0.282,-0.540
1732908795679,2024-11-29T14.33.15.679,2.090,-0.813,0.279,-0.536
1732908795689,2024-11-29T14.33.15.689,2.100,-0.821,0.277,-0.528
1732908795699,2024-11-29T14.33.15.699,2.110,-0.830,0.282,-0.521
1732908795709,2024-11-29T14.33.15.709,2.120,-0.825,0.292,-0.514
1732908795719,2024-11-29T14.33.15.719,2.130,-0.818,0.298,-0.505
1732908795729,2024-11-29T14.33.15.729,2.140,-0.817,0.299,-0.491
1732908795739,2024-11-29T14.33.15.739,2.150,-0.831,0.303,-0.473
1732908795749,2024-11-29T14.33.15.749,2.160,-0.847,0.299,-0.451
1732908795759,2024-11-29T14.33.15.759,2.170,-0.859,0.300,-0.428
1732908795769,2024-11-29T14.33.15.769,2.180,-0.866,0.302,-0.412
1732908795779,2024-11-29T14.33.15.779,2.190,-0.873,0.298,-0.391
1732908795789,2024-11-29T14.33.15.789,2.200,-0.884,0.302,-0.370
1732908795799,2024-11-29T14.33.15.799,2.210,-0.892,0.309,-0.356
1732908795809,2024-11-29T14.33.15.809,2.220,-0.893,0.313,-0.340
1732908795819,2024-11-29T14.33.15.819,2.230,-0.894,0.310,-0.323
1732908795829,2024-11-29T14.33.15.829,2.240,-0.897,0.307,-0.304
1732908795839,2024-11-29T14.33.15.839,2.250,-0.900,0.303,-0.285
1732908795849,2024-11-29T14.33.15.849,2.260,-0.901,0.303,-0.271
1732908795859,2024-11-29T14.33.15.859,2.270,-0.896,0.307,-0.265
1732908795869,2024-11-29T14.33.15.869,2.280,-0.884,0.309,-0.260
1732908795879,2024-11-29T14.33.15.879,2.290,-0.881,0.310,-0.251
1732908795889,2024-11-29T14.33.15.889,2.300,-0.888,0.304,-0.236
1732908795899,2024-11-29T14.33.15.899,2.310,-0.895,0.301,-0.222
1732908795909,2024-11-29T14.33.15.909,2.320,-0.894,0.294,-0.208
1732908795919,2024-11-29T14.33.15.919,2.330,-0.899,0.285,-0.193
1732908795929,2024-11-29T14.33.15.929,2.340,-0.916,0.277,-0.173
1732908795939,2024-11-29T14.33.15.939,2.350,-0.924,0.271,-0.155
1732908795949,2024-11-29T14.33.15.949,2.360,-0.932,0.266,-0.138
1732908795959,2024-11-29T14.33.15.959,2.370,-0.943,0.261,-0.115
1732908795969,2024-11-29T14.33.15.969,2.380,-0.953,0.267,-0.093
1732908795979,2024-11-29T14.33.15.979,2.390,-0.955,0.273,-0.084
1732908795989,2024-11-29T14.33.15.989,2.400,-0.956,0.277,-0.069
1732908795999,2024-11-29T14.33.15.999,2.410,-0.965,0.280,-0.051
1732908796009,2024-11-29T14.33.16.009,2.420,-0.985,0.284,-0.025
1732908796019,2024-11-29T14.33.16.019,2.430,-1.002,0.280,0.004
1732908796029,2024-11-29T14.33.16.029,2.440,-1.000,0.277,0.030
1732908796039,2024-11-29T14.33.16.039,2.450,-0.989,0.271,0.042
1732908796049,2024-11-29T14.33.16.049,2.460,-0.985,0.267,0.055
1732908796059,2024-11-29T14.33.16.059,2.470,-0.989,0.265,0.066
1732908796069,2024-11-29T14.33.16.069,2.480,-0.994,0.263,0.075
1732908796079,2024-11-29T14.33.16.079,2.490,-1.006,0.261,0.089
1732908796089,2024-11-29T14.33.16.089,2.500,-1.027,0.260,0.104
1732908796099,2024-11-29T14.33.16.099,2.510,-1.031,0.256,0.118
1732908796109,2024-11-29T14.33.16.109,2.520,-1.009,0.244,0.127
1732908796119,2024-11-29T14.33.16.119,2.530,-0.989,0.233,0.129
1732908796129,2024-11-29T14.33.16.129,2.540,-0.985,0.230,0.138
1732908796139,2024-11-29T14.33.16.139,2.550,-0.982,0.226,0.141
1732908796149,2024-11-29T14.33.16.149,2.560,-0.990,0.223,0.145
1732908796159,2024-11-29T14.33.16.159,2.570,-1.000,0.220,0.155
1732908796169,2024-11-29T14.33.16.169,2.580,-0.996,0.213,0.166
1732908796179,2024-11-29T14.33.16.179,2.590,-0.986,0.209,0.171
1732908796189,2024-11-29T14.33.16.189,2.600,-0.990,0.212,0.178
1732908796199,2024-11-29T14.33.16.199,2.610,-0.988,0.211,0.184
1732908796209,2024-11-29T14.33.16.209,2.620,-0.984,0.210,0.188
1732908796219,2024-11-29T14.33.16.219,2.630,-0.987,0.213,0.190
1732908796229,2024-11-29T14.33.16.229,2.640,-0.991,0.215,0.196
1732908796239,2024-11-29T14.33.16.239,2.650,-0.990,0.216,0.196
1732908796249,2024-11-29T14.33.16.249,2.660,-0.987,0.220,0.197
1732908796259,2024-11-29T14.33.16.259,2.670,-0.986,0.222,0.198
1732908796269,2024-11-29T14.33.16.269,2.680,-0.987,0.226,0.201
1732908796279,2024-11-29T14.33.16.279,2.690,-0.994,0.231,0.204
1732908796289,2024-11-29T14.33.16.289,2.700,-0.991,0.234,0.205
1732908796299,2024-11-29T14.33.16.299,2.710,-0.983,0.237,0.205
1732908796309,2024-11-29T14.33.16.309,2.720,-0.983,0.238,0.207
1732908796319,2024-11-29T14.33.16.319,2.730,-0.981,0.243,0.208
1732908796329,2024-11-29T14.33.16.329,2.740,-0.978,0.244,0.208
1732908796339,2024-11-29T14.33.16.339,2.750,-0.975,0.244,0.207
1732908796349,2024-11-29T14.33.16.349,2.760,-0.973,0.246,0.203
1732908796359,2024-11-29T14.33.16.359,2.770,-0.975,0.247,0.204
1732908796369,2024-11-29T14.33.16.369,2.780,-0.973,0.246,0.203
1732908796379,2024-11-29T14.33.16.379,2.790,-0.970,0.247,0.200
1732908796389,2024-11-29T14.33.16.389,2.800,-0.967,0.245,0.197
1732908796399,2024-11-29T14.33.16.399,2.810,-0.965,0.249,0.198
1732908796409,2024-11-29T14.33.16.409,2.820,-0.965,0.249,0.201
1732908796419,2024-11-29T14.33.16.419,2.830,-0.964,0.245,0.194
1732908796429,2024-11-29T14.33.16.429,2.840,-0.962,0.242,0.195
1732908796439,2024-11-29T14.33.16.439,2.850,-0.961,0.240,0.194
1732908796449,2024-11-29T14.33.16.449,2.860,-0.963,0.236,0.193
1732908796459,2024-11-29T14.33.16.459,2.870,-0.965,0.231,0.192
1732908796469,2024-11-29T14.33.16.469,2.880,-0.965,0.231,0.194
1732908796479,2024-11-29T14.33.16.479,2.890,-0.965,0.228,0.195
1732908796489,2024-11-29T14.33.16.489,2.900,-0.963,0.224,0.198
1732908796499,2024-11-29T14.33.16.499,2.910,-0.964,0.225,0.192
1732908796509,2024-11-29T14.33.16.509,2.920,-0.971,0.224,0.190
1732908796519,2024-11-29T14.33.16.519,2.930,-0.974,0.228,0.197
1732908796529,2024-11-29T14.33.16.529,2.940,-0.983,0.235,0.194
1732908796539,2024-11-29T14.33.16.539,2.950,-0.988,0.240,0.198
1732908796549,2024-11-29T14.33.16.549,2.960,-0.986,0.244,0.201
1732908796559,2024-11-29T14.33.16.559,2.970,-0.985,0.243,0.201
1732908796569,2024-11-29T14.33.16.569,2.980,-0.990,0.242,0.208
1732908796579,2024-11-29T14.33.16.579,2.990,-0.989,0.238,0.215
1732908796589,2024-11-29T14.33.16.589,3.000,-0.992,0.229,0.219
1732908796599,2024-11-29T14.33.16.599,3.010,-1.001,0.221,0.224
1732908796609,2024-11-29T14.33.16.609,3.020,-1.002,0.218,0.226
1732908796619,2024-11-29T14.33.16.619,3.030,-1.003,0.221,0.225
1732908796629,2024-11-29T14.33.16.629,3.040,-1.014,0.224,0.227
1732908796639,2024-11-29T14.33.16.639,3.050,-1.022,0.228,0.230
1732908796649,2024-11-29T14.33.16.649,3.060,-1.033,0.230,0.230
1732908796659,2024-11-29T14.33.16.659,3.070,-1.036,0.235,0.220
1732908796669,2024-11-29T14.33.16.669,3.080,-1.037,0.244,0.214
1732908796679,2024-11-29T14.33.16.679,3.090,-1.033,0.244,0.206
1732908796689,2024-11-29T14.33.16.689,3.100,-1.036,0.239,0.196
1732908796699,2024-11-29T14.33.16.699,3.110,-1.037,0.233,0.190
1732908796709,2024-11-29T14.33.16.709,3.120,-1.031,0.229,0.182
1732908796719,2024-11-29T14.33.16.719,3.130,-1.026,0.223,0.168
1732908796729,2024-11-29T14.33.16.729,3.140,-1.014,0.224,0.146
1732908796739,2024-11-29T14.33.16.739,3.150,-1.005,0.228,0.122
1732908796749,2024-11-29T14.33.16.749,3.160,-0.996,0.226,0.099
1732908796759,2024-11-29T14.33.16.759,3.170,-0.979,0.226,0.078
1732908796769,2024-11-29T14.33.16.769,3.180,-0.976,0.230,0.056
1732908796779,2024-11-29T14.33.16.779,3.190,-0.970,0.235,0.031
1732908796789,2024-11-29T14.33.16.789,3.200,-0.957,0.235,0.002
1732908796799,2024-11-29T14.33.16.799,3.210,-0.940,0.232,-0.028
1732908796809,2024-11-29T14.33.16.809,3.220,-0.923,0.232,-0.062
1732908796819,2024-11-29T14.33.16.819,3.230,-0.915,0.244,-0.097
1732908796829,2024-11-29T14.33.16.829,3.240,-0.904,0.243,-0.131
1732908796839,2024-11-29T14.33.16.839,3.250,-0.899,0.239,-0.161
1732908796849,2024-11-29T14.33.16.849,3.260,-0.881,0.244,-0.187
1732908796859,2024-11-29T14.33.16.859,3.270,-0.844,0.238,-0.220
1732908796869,2024-11-29T14.33.16.869,3.280,-0.810,0.238,-0.266
1732908796879,2024-11-29T14.33.16.879,3.290,-0.790,0.263,-0.314
1732908796889,2024-11-29T14.33.16.889,3.300,-0.751,0.294,-0.365
1732908796899,2024-11-29T14.33.16.899,3.310,-0.722,0.332,-0.435
1732908796909,2024-11-29T14.33.16.909,3.320,-0.704,0.391,-0.507
1732908796919,2024-11-29T14.33.16.919,3.330,-0.708,0.445,-0.560
1732908796929,2024-11-29T14.33.16.929,3.340,-0.703,0.473,-0.610
1732908796939,2024-11-29T14.33.16.939,3.350,-0.689,0.491,-0.658
1732908796949,2024-11-29T14.33.16.949,3.360,-0.679,0.502,-0.684
1732908796959,2024-11-29T14.33.16.959,3.370,-0.675,0.505,-0.693
1732908796969,2024-11-29T14.33.16.969,3.380,-0.680,0.503,-0.690
1732908796979,2024-11-29T14.33.16.979,3.390,-0.695,0.499,-0.681
1732908796989,2024-11-29T14.33.16.989,3.400,-0.708,0.493,-0.666
1732908796999,2024-11-29T14.33.16.999,3.410,-0.730,0.485,-0.642
1732908797009,2024-11-29T14.33.17.009,3.420,-0.750,0.477,-0.610
1732908797019,2024-11-29T14.33.17.019,3.430,-0.767,0.471,-0.579
1732908797029,2024-11-29T14.33.17.029,3.440,-0.776,0.464,-0.556
1732908797039,2024-11-29T14.33.17.039,3.450,-0.788,0.462,-0.540
1732908797049,2024-11-29T14.33.17.049,3.460,-0.793,0.460,-0.521
1732908797059,2024-11-29T14.33.17.059,3.470,-0.790,0.459,-0.508
1732908797069,2024-11-29T14.33.17.069,3.480,-0.792,0.448,-0.505
1732908797079,2024-11-29T14.33.17.079,3.490,-0.797,0.436,-0.500
1732908797089,2024-11-29T14.33.17.089,3.500,-0.803,0.433,-0.497
1732908797099,2024-11-29T14.33.17.099,3.510,-0.796,0.424,-0.494
1732908797109,2024-11-29T14.33.17.109,3.520,-0.792,0.421,-0.497
1732908797119,2024-11-29T14.33.17.119,3.530,-0.798,0.416,-0.487
1732908797129,2024-11-29T14.33.17.129,3.540,-0.814,0.407,-0.469
1732908797139,2024-11-29T14.33.17.139,3.550,-0.823,0.396,-0.459
1732908797149,2024-11-29T14.33.17.149,3.560,-0.843,0.389,-0.448
1732908797159,2024-11-29T14.33.17.159,3.570,-0.857,0.393,-0.444
1732908797169,2024-11-29T14.33.17.169,3.580,-0.839,0.388,-0.440
1732908797179,2024-11-29T14.33.17.179,3.590,-0.831,0.362,-0.433
1732908797189,2024-11-29T14.33.17.189,3.600,-0.856,0.340,-0.399
1732908797199,2024-11-29T14.33.17.199,3.610,-0.875,0.323,-0.364
1732908797209,2024-11-29T14.33.17.209,3.620,-0.882,0.307,-0.348
1732908797219,2024-11-29T14.33.17.219,3.630,-0.891,0.299,-0.340
1732908797229,2024-11-29T14.33.17.229,3.640,-0.881,0.302,-0.330
1732908797239,2024-11-29T14.33.17.239,3.650,-0.868,0.295,-0.323
1732908797249,2024-11-29T14.33.17.249,3.660,-0.870,0.281,-0.308
1732908797259,2024-11-29T14.33.17.259,3.670,-0.900,0.262,-0.275
1732908797269,2024-11-29T14.33.17.269,3.680,-0.912,0.245,-0.246
1732908797279,2024-11-29T14.33.17.279,3.690,-0.910,0.228,-0.232
1732908797289,2024-11-29T14.33.17.289,3.700,-0.915,0.215,-0.214
1732908797299,2024-11-29T14.33.17.299,3.710,-0.924,0.217,-0.208
1732908797309,2024-11-29T14.33.17.309,3.720,-0.896,0.224,-0.212
1732908797319,2024-11-29T14.33.17.319,3.730,-0.874,0.227,-0.220
1732908797329,2024-11-29T14.33.17.329,3.740,-0.882,0.229,-0.209
1732908797339,2024-11-29T14.33.17.339,3.750,-0.899,0.227,-0.185
1732908797349,2024-11-29T14.33.17.349,3.760,-0.903,0.224,-0.167
1732908797359,2024-11-29T14.33.17.359,3.770,-0.921,0.215,-0.146
1732908797369,2024-11-29T14.33.17.369,3.780,-0.948,0.214,-0.116
1732908797379,2024-11-29T14.33.17.379,3.790,-0.953,0.217,-0.092
1732908797389,2024-11-29T14.33.17.389,3.800,-0.949,0.220,-0.076
1732908797399,2024-11-29T14.33.17.399,3.810,-0.949,0.227,-0.053
1732908797409,2024-11-29T14.33.17.409,3.820,-0.959,0.231,-0.032
1732908797419,2024-11-29T14.33.17.419,3.830,-0.978,0.233,-0.011
1732908797429,2024-11-29T14.33.17.429,3.840,-1.002,0.238,0.007
1732908797439,2024-11-29T14.33.17.439,3.850,-1.022,0.241,0.027
1732908797449,2024-11-29T14.33.17.449,3.860,-1.021,0.242,0.043
1732908797459,2024-11-29T14.33.17.459,3.870,-1.003,0.236,0.059
1732908797469,2024-11-29T14.33.17.469,3.880,-0.990,0.230,0.072
1732908797479,2024-11-29T14.33.17.479,3.890,-0.986,0.227,0.089
1732908797489,2024-11-29T14.33.17.489,3.900,-0.981,0.229,0.108
1732908797499,2024-11-29T14.33.17.499,3.910,-0.976,0.231,0.125
1732908797509,2024-11-29T14.33.17.509,3.920,-0.973,0.224,0.138
1732908797519,2024-11-29T14.33.17.519,3.930,-0.970,0.227,0.141
1732908797529,2024-11-29T14.33.17.529,3.940,-0.980,0.230,0.146
1732908797539,2024-11-29T14.33.17.539,3.950,-0.998,0.231,0.156
1732908797549,2024-11-29T14.33.17.549,3.960,-1.010,0.239,0.164
1732908797559,2024-11-29T14.33.17.559,3.970,-1.015,0.238,0.174
1732908797569,2024-11-29T14.33.17.569,3.980,-1.015,0.244,0.186
1732908797579,2024-11-29T14.33.17.579,3.990,-1.011,0.257,0.193
1732908797589,2024-11-29T14.33.17.589,4.000,-1.004,0.267,0.202
1732908797599,2024-11-29T14.33.17.599,4.010,-0.999,0.274,0.207
1732908797609,2024-11-29T14.33.17.609,4.020,-1.000,0.279,0.209
1732908797619,2024-11-29T14.33.17.619,4.030,-0.997,0.276,0.213
1732908797629,2024-11-29T14.33.17.629,4.040,-0.998,0.274,0.212
1732908797639,2024-11-29T14.33.17.639,4.050,-1.005,0.266,0.219
1732908797649,2024-11-29T14.33.17.649,4.060,-1.013,0.257,0.224
1732908797659,2024-11-29T14.33.17.659,4.070,-1.007,0.248,0.229
1732908797669,2024-11-29T14.33.17.669,4.080,-0.993,0.240,0.222
1732908797679,2024-11-29T14.33.17.679,4.090,-0.983,0.240,0.219
1732908797689,2024-11-29T14.33.17.689,4.100,-0.981,0.240,0.217
1732908797699,2024-11-29T14.33.17.699,4.110,-0.979,0.241,0.214
1732908797709,2024-11-29T14.33.17.709,4.120,-0.973,0.246,0.212
1732908797719,2024-11-29T14.33.17.719,4.130,-0.966,0.250,0.210
1732908797729,2024-11-29T14.33.17.729,4.140,-0.967,0.251,0.207
1732908797739,2024-11-29T14.33.17.739,4.150,-0.972,0.251,0.203
1732908797749,2024-11-29T14.33.17.749,4.160,-0.972,0.251,0.198
1732908797759,2024-11-29T14.33.17.759,4.170,-0.972,0.252,0.193
1732908797769,2024-11-29T14.33.17.769,4.180,-0.969,0.251,0.189
1732908797779,2024-11-29T14.33.17.779,4.190,-0.969,0.249,0.188
1732908797789,2024-11-29T14.33.17.789,4.200,-0.965,0.244,0.184
1732908797799,2024-11-29T14.33.17.799,4.210,-0.954,0.247,0.178
1732908797809,2024-11-29T14.33.17.809,4.220,-0.942,0.250,0.175
1732908797819,2024-11-29T14.33.17.819,4.230,-0.937,0.252,0.170
1732908797829,2024-11-29T14.33.17.829,4.240,-0.944,0.255,0.168
1732908797839,2024-11-29T14.33.17.839,4.250,-0.955,0.254,0.172
1732908797849,2024-11-29T14.33.17.849,4.260,-0.963,0.251,0.175
1732908797859,2024-11-29T14.33.17.859,4.270,-0.962,0.247,0.178
1732908797869,2024-11-29T14.33.17.869,4.280,-0.959,0.245,0.178
1732908797879,2024-11-29T14.33.17.879,4.290,-0.958,0.248,0.175
1732908797889,2024-11-29T14.33.17.889,4.300,-0.957,0.250,0.167
1732908797899,2024-11-29T14.33.17.899,4.310,-0.956,0.254,0.165
1732908797909,2024-11-29T14.33.17.909,4.320,-0.959,0.251,0.167
1732908797919,2024-11-29T14.33.17.919,4.330,-0.958,0.249,0.171
1732908797929,2024-11-29T14.33.17.929,4.340,-0.957,0.247,0.178
1732908797939,2024-11-29T14.33.17.939,4.350,-0.961,0.243,0.182
1732908797949,2024-11-29T14.33.17.949,4.360,-0.967,0.241,0.188
1732908797959,2024-11-29T14.33.17.959,4.370,-0.967,0.239,0.186
1732908797969,2024-11-29T14.33.17.969,4.380,-0.973,0.236,0.183
1732908797979,2024-11-29T14.33.17.979,4.390,-0.976,0.237,0.183
1732908797989,2024-11-29T14.33.17.989,4.400,-0.973,0.231,0.184
1732908797999,2024-11-29T14.33.17.999,4.410,-0.979,0.227,0.184
1732908798009,2024-11-29T14.33.18.009,4.420,-0.984,0.222,0.191
1732908798019,2024-11-29T14.33.18.019,4.430,-0.978,0.224,0.194
1732908798029,2024-11-29T14.33.18.029,4.440,-0.975,0.227,0.199
1732908798039,2024-11-29T14.33.18.039,4.450,-0.982,0.228,0.197
1732908798049,2024-11-29T14.33.18.049,4.460,-0.995,0.228,0.199
1732908798059,2024-11-29T14.33.18.059,4.470,-1.011,0.219,0.197
1732908798069,2024-11-29T14.33.18.069,4.480,-1.053,0.182,0.208
1732908798079,2024-11-29T14.33.18.079,4.490,-1.116,0.124,0.237
1732908798089,2024-11-29T14.33.18.089,4.500,-1.146,0.088,0.265
1732908798099,2024-11-29T14.33.18.099,4.510,-1.130,0.109,0.262
1732908798109,2024-11-29T14.33.18.109,4.520,-1.111,0.143,0.256
1732908798119,2024-11-29T14.33.18.119,4.530,-1.098,0.182,0.273
1732908798129,2024-11-29T14.33.18.129,4.540,-1.082,0.221,0.291
1732908798139,2024-11-29T14.33.18.139,4.550,-1.054,0.238,0.299
1732908798149,2024-11-29T14.33.18.149,4.560,-1.049,0.233,0.308
1732908798159,2024-11-29T14.33.18.159,4.570,-1.063,0.219,0.324
1732908798169,2024-11-29T14.33.18.169,4.580,-1.080,0.200,0.341
1732908798179,2024-11-29T14.33.18.179,4.590,-1.085,0.201,0.341
1732908798189,2024-11-29T14.33.18.189,4.600,-1.060,0.211,0.304
1732908798199,2024-11-29T14.33.18.199,4.610,-1.017,0.226,0.259
1732908798209,2024-11-29T14.33.18.209,4.620,-0.939,0.254,0.203
1732908798219,2024-11-29T14.33.18.219,4.630,-0.857,0.263,0.125
1732908798229,2024-11-29T14.33.18.229,4.640,-0.852,0.272,0.059
1732908798239,2024-11-29T14.33.18.239,4.650,-0.857,0.307,0.019
1732908798249,2024-11-29T14.33.18.249,4.660,-0.811,0.328,-0.060
1732908798259,2024-11-29T14.33.18.259,4.670,-0.746,0.324,-0.161
1732908798269,2024-11-29T14.33.18.269,4.680,-0.734,0.337,-0.250
1732908798279,2024-11-29T14.33.18.279,4.690,-0.747,0.373,-0.333
1732908798289,2024-11-29T14.33.18.289,4.700,-0.740,0.386,-0.385
1732908798299,2024-11-29T14.33.18.299,4.710,-0.698,0.384,-0.462
1732908798309,2024-11-29T14.33.18.309,4.720,-0.642,0.381,-0.548
1732908798319,2024-11-29T14.33.18.319,4.730,-0.624,0.380,-0.610
1732908798329,2024-11-29T14.33.18.329,4.740,-0.644,0.382,-0.652
1732908798339,2024-11-29T14.33.18.339,4.750,-0.682,0.387,-0.675
1732908798349,2024-11-29T14.33.18.349,4.760,-0.720,0.391,-0.682
1732908798359,2024-11-29T14.33.18.359,4.770,-0.746,0.390,-0.677
1732908798369,2024-11-29T14.33.18.369,4.780,-0.755,0.394,-0.668
1732908798379,2024-11-29T14.33.18.379,4.790,-0.750,0.393,-0.654
1732908798389,2024-11-29T14.33.18.389,4.800,-0.762,0.397,-0.622
1732908798399,2024-11-29T14.33.18.399,4.810,-0.775,0.400,-0.592
1732908798409,2024-11-29T14.33.18.409,4.820,-0.792,0.396,-0.568
1732908798419,2024-11-29T14.33.18.419,4.830,-0.797,0.389,-0.557
1732908798429,2024-11-29T14.33.18.429,4.840,-0.796,0.381,-0.560
1732908798439,2024-11-29T14.33.18.439,4.850,-0.804,0.370,-0.563
1732908798449,2024-11-29T14.33.18.449,4.860,-0.817,0.362,-0.557
1732908798459,2024-11-29T14.33.18.459,4.870,-0.812,0.355,-0.556
1732908798469,2024-11-29T14.33.18.469,4.880,-0.791,0.344,-0.569
1732908798479,2024-11-29T14.33.18.479,4.890,-0.763,0.333,-0.574
1732908798489,2024-11-29T14.33.18.489,4.900,-0.769,0.326,-0.572
1732908798499,2024-11-29T14.33.18.499,4.910,-0.785,0.322,-0.562
1732908798509,2024-11-29T14.33.18.509,4.920,-0.783,0.323,-0.571
1732908798519,2024-11-29T14.33.18.519,4.930,-0.786,0.328,-0.577
1732908798529,2024-11-29T14.33.18.529,4.940,-0.806,0.343,-0.573
1732908798539,2024-11-29T14.33.18.539,4.950,-0.812,0.356,-0.575
1732908798549,2024-11-29T14.33.18.549,4.960,-0.807,0.363,-0.578
1732908798559,2024-11-29T14.33.18.559,4.970,-0.808,0.361,-0.563
1732908798569,2024-11-29T14.33.18.569,4.980,-0.802,0.352,-0.557
1732908798579,2024-11-29T14.33.18.579,4.990,-0.793,0.337,-0.551
1732908798589,2024-11-29T14.33.18.589,5.000,-0.795,0.318,-0.535
1732908798599,2024-11-29T14.33.18.599,5.010,-0.797,0.295,-0.513
1732908798609,2024-11-29T14.33.18.609,5.020,-0.803,0.260,-0.490
1732908798619,2024-11-29T14.33.18.619,5.030,-0.824,0.227,-0.452
1732908798629,2024-11-29T14.33.18.629,5.040,-0.843,0.207,-0.422
1732908798639,2024-11-29T14.33.18.639,5.050,-0.851,0.196,-0.397
1732908798649,2024-11-29T14.33.18.649,5.060,-0.853,0.196,-0.383
1732908798659,2024-11-29T14.33.18.659,5.070,-0.858,0.196,-0.359
1732908798669,2024-11-29T14.33.18.669,5.080,-0.870,0.197,-0.326
1732908798679,2024-11-29T14.33.18.679,5.090,-0.879,0.191,-0.304
1732908798689,2024-11-29T14.33.18.689,5.100,-0.905,0.183,-0.289
1732908798699,2024-11-29T14.33.18.699,5.110,-0.923,0.192,-0.275
1732908798709,2024-11-29T14.33.18.709,5.120,-0.915,0.202,-0.273
1732908798719,2024-11-29T14.33.18.719,5.130,-0.896,0.192,-0.259
1732908798729,2024-11-29T14.33.18.729,5.140,-0.909,0.178,-0.228
1732908798739,2024-11-29T14.33.18.739,5.150,-0.947,0.165,-0.193
1732908798749,2024-11-29T14.33.18.749,5.160,-0.973,0.148,-0.160
1732908798759,2024-11-29T14.33.18.759,5.170,-0.987,0.138,-0.133
1732908798769,2024-11-29T14.33.18.769,5.180,-0.996,0.139,-0.117
1732908798779,2024-11-29T14.33.18.779,5.190,-0.984,0.138,-0.105
1732908798789,2024-11-29T14.33.18.789,5.200,-0.951,0.136,-0.098
1732908798799,2024-11-29T14.33.18.799,5.210,-0.929,0.138,-0.094
1732908798809,2024-11-29T14.33.18.809,5.220,-0.938,0.138,-0.078
1732908798819,2024-11-29T14.33.18.819,5.230,-0.958,0.136,-0.042
1732908798829,2024-11-29T14.33.18.829,5.240,-0.990,0.134,-0.010
1732908798839,2024-11-29T14.33.18.839,5.250,-1.014,0.132,0.028
1732908798849,2024-11-29T14.33.18.849,5.260,-1.022,0.121,0.050
1732908798859,2024-11-29T14.33.18.859,5.270,-1.018,0.115,0.061
1732908798869,2024-11-29T14.33.18.869,5.280,-1.021,0.110,0.072
1732908798879,2024-11-29T14.33.18.879,5.290,-1.021,0.111,0.088
1732908798889,2024-11-29T14.33.18.889,5.300,-1.018,0.113,0.105
1732908798899,2024-11-29T14.33.18.899,5.310,-1.018,0.115,0.124
1732908798909,2024-11-29T14.33.18.909,5.320,-1.029,0.123,0.148
1732908798919,2024-11-29T14.33.18.919,5.330,-1.037,0.129,0.174
1732908798929,2024-11-29T14.33.18.929,5.340,-1.028,0.132,0.187
1732908798939,2024-11-29T14.33.18.939,5.350,-1.030,0.134,0.196
1732908798949,2024-11-29T14.33.18.949,5.360,-1.037,0.141,0.206
1732908798959,2024-11-29T14.33.18.959,5.370,-1.036,0.146,0.211
1732908798969,2024-11-29T14.33.18.969,5.380,-1.025,0.147,0.208
1732908798979,2024-11-29T14.33.18.979,5.390,-1.015,0.154,0.204
1732908798989,2024-11-29T14.33.18.989,5.400,-1.015,0.160,0.208
1732908798999,2024-11-29T14.33.18.999,5.410,-1.018,0.168,0.219
1732908799009,2024-11-29T14.33.19.009,5.420,-1.013,0.167,0.221
1732908799019,2024-11-29T14.33.19.019,5.430,-1.013,0.170,0.225
1732908799029,2024-11-29T14.33.19.029,5.440,-1.013,0.176,0.230
1732908799039,2024-11-29T14.33.19.039,5.450,-1.012,0.174,0.227
1732908799049,2024-11-29T14.33.19.049,5.460,-1.014,0.170,0.224
1732908799059,2024-11-29T14.33.19.059,5.470,-1.017,0.171,0.227
1732908799069,2024-11-29T14.33.19.069,5.480,-1.015,0.171,0.227
1732908799079,2024-11-29T14.33.19.079,5.490,-1.006,0.169,0.224
1732908799089,2024-11-29T14.33.19.089,5.500,-1.001,0.169,0.231
1732908799099,2024-11-29T14.33.19.099,5.510,-1.000,0.172,0.228
1732908799109,2024-11-29T14.33.19.109,5.520,-1.000,0.175,0.230
1732908799119,2024-11-29T14.33.19.119,5.530,-0.999,0.174,0.228
1732908799129,2024-11-29T14.33.19.129,5.540,-1.000,0.170,0.222
1732908799139,2024-11-29T14.33.19.139,5.550,-0.998,0.169,0.220
1732908799149,2024-11-29T14.33.19.149,5.560,-0.991,0.168,0.214
1732908799159,2024-11-29T14.33.19.159,5.570,-0.983,0.168,0.213
1732908799169,2024-11-29T14.33.19.169,5.580,-0.980,0.169,0.208
1732908799179,2024-11-29T14.33.19.179,5.590,-0.973,0.169,0.203
1732908799189,2024-11-29T14.33.19.189,5.600,-0.968,0.169,0.204
1732908799199,2024-11-29T14.33.19.199,5.610,-0.969,0.169,0.199
1732908799209,2024-11-29T14.33.19.209,5.620,-0.969,0.173,0.198
1732908799219,2024-11-29T14.33.19.219,5.630,-0.971,0.171,0.192
1732908799229,2024-11-29T14.33.19.229,5.640,-0.978,0.172,0.190
1732908799239,2024-11-29T14.33.19.239,5.650,-0.979,0.176,0.189
1732908799249,2024-11-29T14.33.19.249,5.660,-0.978,0.179,0.188
1732908799259,2024-11-29T14.33.19.259,5.670,-0.967,0.181,0.183
1732908799269,2024-11-29T14.33.19.269,5.680,-0.962,0.187,0.180
1732908799279,2024-11-29T14.33.19.279,5.690,-0.960,0.188,0.181
1732908799289,2024-11-29T14.33.19.289,5.700,-0.959,0.189,0.181
1732908799299,2024-11-29T14.33.19.299,5.710,-0.963,0.190,0.180
1732908799309,2024-11-29T14.33.19.309,5.720,-0.971,0.190,0.180
1732908799319,2024-11-29T14.33.19.319,5.730,-0.977,0.188,0.179
1732908799329,2024-11-29T14.33.19.329,5.740,-0.975,0.188,0.177
1732908799339,2024-11-29T14.33.19.339,5.750,-0.971,0.186,0.179
1732908799349,2024-11-29T14.33.19.349,5.760,-0.972,0.187,0.181
1732908799359,2024-11-29T14.33.19.359,5.770,-0.969,0.189,0.180
1732908799369,2024-11-29T14.33.19.369,5.780,-0.970,0.187,0.181
1732908799379,2024-11-29T14.33.19.379,5.790,-0.975,0.182,0.187
1732908799389,2024-11-29T14.33.19.389,5.800,-0.978,0.182,0.190
1732908799399,2024-11-29T14.33.19.399,5.810,-0.983,0.182,0.192
1732908799409,2024-11-29T14.33.19.409,5.820,-0.984,0.182,0.193
1732908799419,2024-11-29T14.33.19.419,5.830,-0.983,0.180,0.193
1732908799429,2024-11-29T14.33.19.429,5.840,-0.983,0.182,0.192
1732908799439,2024-11-29T14.33.19.439,5.850,-0.981,0.182,0.195
1732908799449,2024-11-29T14.33.19.449,5.860,-0.986,0.182,0.197
1732908799459,2024-11-29T14.33.19.459,5.870,-0.996,0.179,0.197
1732908799469,2024-11-29T14.33.19.469,5.880,-0.996,0.179,0.200
1732908799479,2024-11-29T14.33.19.479,5.890,-0.993,0.181,0.200
1732908799489,2024-11-29T14.33.19.489,5.900,-0.992,0.180,0.197
1732908799499,2024-11-29T14.33.19.499,5.910,-0.996,0.184,0.204
1732908799509,2024-11-29T14.33.19.509,5.920,-0.997,0.183,0.210
1732908799519,2024-11-29T14.33.19.519,5.930,-1.001,0.181,0.214
1732908799529,2024-11-29T14.33.19.529,5.940,-1.005,0.184,0.215
1732908799539,2024-11-29T14.33.19.539,5.950,-1.007,0.185,0.214
1732908799549,2024-11-29T14.33.19.549,5.960,-1.015,0.187,0.210
1732908799559,2024-11-29T14.33.19.559,5.970,-1.017,0.189,0.208
1732908799569,2024-11-29T14.33.19.569,5.980,-1.014,0.188,0.207
1732908799579,2024-11-29T14.33.19.579,5.990,-1.017,0.184,0.212
1732908799589,2024-11-29T14.33.19.589,6.000,-1.026,0.189,0.217
1732908799599,2024-11-29T14.33.19.599,6.010,-1.033,0.188,0.211
1732908799609,2024-11-29T14.33.19.609,6.020,-1.037,0.188,0.202
1732908799619,2024-11-29T14.33.19.619,6.030,-1.044,0.194,0.195
1732908799629,2024-11-29T14.33.19.629,6.040,-1.045,0.191,0.193
1732908799639,2024-11-29T14.33.19.639,6.050,-1.042,0.188,0.183
1732908799649,2024-11-29T14.33.19.649,6.060,-1.034,0.186,0.178
1732908799659,2024-11-29T14.33.19.659,6.070,-1.025,0.183,0.170
1732908799669,2024-11-29T14.33.19.669,6.080,-1.027,0.182,0.157
1732908799679,2024-11-29T14.33.19.679,6.090,-1.033,0.185,0.145
1732908799689,2024-11-29T14.33.19.689,6.100,-1.036,0.185,0.131
1732908799699,2024-11-29T14.33.19.699,6.110,-1.021,0.188,0.107
1732908799709,2024-11-29T14.33.19.709,6.120,-1.012,0.184,0.083
1732908799719,2024-11-29T14.33.19.719,6.130,-1.024,0.173,0.069
1732908799729,2024-11-29T14.33.19.729,6.140,-1.024,0.166,0.065
1732908799739,2024-11-29T14.33.19.739,6.150,-0.999,0.153,0.051
1732908799749,2024-11-29T14.33.19.749,6.160,-0.975,0.146,0.033
1732908799759,2024-11-29T14.33.19.759,6.170,-1.000,0.152,0.023
1732908799769,2024-11-29T14.33.19.769,6.180,-1.026,0.164,0.015
1732908799779,2024-11-29T14.33.19.779,6.190,-0.983,0.178,-0.028
1732908799789,2024-11-29T14.33.19.789,6.200,-0.909,0.206,-0.105
1732908799799,2024-11-29T14.33.19.799,6.210,-0.874,0.220,-0.168
1732908799809,2024-11-29T14.33.19.809,6.220,-0.871,0.221,-0.218
1732908799819,2024-11-29T14.33.19.819,6.230,-0.845,0.223,-0.277
1732908799829,2024-11-29T14.33.19.829,6.240,-0.811,0.218,-0.353
1732908799839,2024-11-29T14.33.19.839,6.250,-0.783,0.219,-0.417
1732908799849,2024-11-29T14.33.19.849,6.260,-0.767,0.233,-0.474
1732908799859,2024-11-29T14.33.19.859,6.270,-0.755,0.248,-0.525
1732908799869,2024-11-29T14.33.19.869,6.280,-0.750,0.256,-0.566
1732908799879,2024-11-29T14.33.19.879,6.290,-0.754,0.273,-0.590
1732908799889,2024-11-29T14.33.19.889,6.300,-0.736,0.287,-0.608
1732908799899,2024-11-29T14.33.19.899,6.310,-0.719,0.299,-0.628
1732908799909,2024-11-29T14.33.19.909,6.320,-0.727,0.317,-0.639
1732908799919,2024-11-29T14.33.19.919,6.330,-0.749,0.333,-0.638
1732908799929,2024-11-29T14.33.19.929,6.340,-0.767,0.339,-0.629
1732908799939,2024-11-29T14.33.19.939,6.350,-0.771,0.339,-0.621
1732908799949,2024-11-29T14.33.19.949,6.360,-0.777,0.338,-0.609
1732908799959,2024-11-29T14.33.19.959,6.370,-0.804,0.342,-0.594
1732908799969,2024-11-29T14.33.19.969,6.380,-0.817,0.340,-0.584
1732908799979,2024-11-29T14.33.19.979,6.390,-0.819,0.327,-0.577
1732908799989,2024-11-29T14.33.19.989,6.400,-0.819,0.318,-0.566
1732908799999,2024-11-29T14.33.19.999,6.410,-0.817,0.309,-0.556
1732908800009,2024-11-29T14.33.20.009,6.420,-0.812,0.294,-0.548
1732908800019,2024-11-29T14.33.20.019,6.430,-0.821,0.280,-0.535
1732908800029,2024-11-29T14.33.20.029,6.440,-0.837,0.267,-0.530
1732908800039,2024-11-29T14.33.20.039,6.450,-0.846,0.260,-0.525
1732908800049,2024-11-29T14.33.20.049,6.460,-0.846,0.258,-0.523
1732908800059,2024-11-29T14.33.20.059,6.470,-0.849,0.254,-0.521
1732908800069,2024-11-29T14.33.20.069,6.480,-0.850,0.253,-0.517
1732908800079,2024-11-29T14.33.20.079,6.490,-0.848,0.255,-0.519
1732908800089,2024-11-29T14.33.20.089,6.500,-0.843,0.254,-0.525
1732908800099,2024-11-29T14.33.20.099,6.510,-0.837,0.252,-0.538
1732908800109,2024-11-29T14.33.20.109,6.520,-0.831,0.253,-0.548
1732908800119,2024-11-29T14.33.20.119,6.530,-0.820,0.253,-0.556
1732908800129,2024-11-29T14.33.20.129,6.540,-0.814,0.251,-0.562
1732908800139,2024-11-29T14.33.20.139,6.550,-0.817,0.249,-0.560
1732908800149,2024-11-29T14.33.20.149,6.560,-0.821,0.245,-0.549
1732908800159,2024-11-29T14.33.20.159,6.570,-0.819,0.243,-0.540
1732908800169,2024-11-29T14.33.20.169,6.580,-0.820,0.241,-0.534
1732908800179,2024-11-29T14.33.20.179,6.590,-0.823,0.239,-0.524
1732908800189,2024-11-29T14.33.20.189,6.600,-0.826,0.237,-0.516
1732908800199,2024-11-29T14.33.20.199,6.610,-0.834,0.233,-0.497
1732908800209,2024-11-29T14.33.20.209,6.620,-0.849,0.235,-0.480
1732908800219,2024-11-29T14.33.20.219,6.630,-0.864,0.244,-0.461
1732908800229,2024-11-29T14.33.20.229,6.640,-0.868,0.251,-0.443
1732908800239,2024-11-29T14.33.20.239,6.650,-0.865,0.258,-0.430
1732908800249,2024-11-29T14.33.20.249,6.660,-0.866,0.268,-0.416
1732908800259,2024-11-29T14.33.20.259,6.670,-0.866,0.274,-0.399
1732908800269,2024-11-29T14.33.20.269,6.680,-0.871,0.271,-0.385
1732908800279,2024-11-29T14.33.20.279,6.690,-0.887,0.264,-0.366
1732908800289,2024-11-29T14.33.20.289,6.700,-0.908,0.258,-0.343
1732908800299,2024-11-29T14.33.20.299,6.710,-0.923,0.257,-0.323
1732908800309,2024-11-29T14.33.20.309,6.720,-0.930,0.254,-0.306
1732908800319,2024-11-29T14.33.20.319,6.730,-0.934,0.251,-0.289
1732908800329,2024-11-29T14.33.20.329,6.740,-0.934,0.251,-0.273
1732908800339,2024-11-29T14.33.20.339,6.750,-0.925,0.253,-0.263
1732908800349,2024-11-29T14.33.20.349,6.760,-0.920,0.252,-0.250
1732908800359,2024-11-29T14.33.20.359,6.770,-0.926,0.254,-0.225
1732908800369,2024-11-29T14.33.20.369,6.780,-0.934,0.253,-0.212
1732908800379,2024-11-29T14.33.20.379,6.790,-0.934,0.251,-0.199
1732908800389,2024-11-29T14.33.20.389,6.800,-0.933,0.247,-0.181
1732908800399,2024-11-29T14.33.20.399,6.810,-0.934,0.244,-0.165
1732908800409,2024-11-29T14.33.20.409,6.820,-0.938,0.243,-0.145
1732908800419,2024-11-29T14.33.20.419,6.830,-0.942,0.244,-0.132
1732908800429,2024-11-29T14.33.20.429,6.840,-0.939,0.248,-0.123
1732908800439,2024-11-29T14.33.20.439,6.850,-0.935,0.252,-0.111
1732908800449,2024-11-29T14.33.20.449,6.860,-0.934,0.253,-0.097
1732908800459,2024-11-29T14.33.20.459,6.870,-0.944,0.252,-0.077
1732908800469,2024-11-29T14.33.20.469,6.880,-0.955,0.251,-0.061
1732908800479,2024-11-29T14.33.20.479,6.890,-0.961,0.249,-0.038
1732908800489,2024-11-29T14.33.20.489,6.900,-0.966,0.248,-0.021
1732908800499,2024-11-29T14.33.20.499,6.910,-0.977,0.247,-0.001
1732908800509,2024-11-29T14.33.20.509,6.920,-0.973,0.243,0.021
1732908800519,2024-11-29T14.33.20.519,6.930,-0.965,0.237,0.034
1732908800529,2024-11-29T14.33.20.529,6.940,-0.964,0.235,0.043
1732908800539,2024-11-29T14.33.20.539,6.950,-0.963,0.234,0.055
1732908800549,2024-11-29T14.33.20.549,6.960,-0.973,0.233,0.074
1732908800559,2024-11-29T14.33.20.559,6.970,-0.980,0.233,0.090
1732908800569,2024-11-29T14.33.20.569,6.980,-0.988,0.235,0.109
1732908800579,2024-11-29T14.33.20.579,6.990,-0.997,0.235,0.131
1732908800589,2024-11-29T14.33.20.589,7.000,-0.992,0.232,0.146
1732908800599,2024-11-29T14.33.20.599,7.010,-0.974,0.229,0.156
1732908800609,2024-11-29T14.33.20.609,7.020,-0.966,0.226,0.167
1732908800619,2024-11-29T14.33.20.619,7.030,-0.972,0.230,0.177
1732908800629,2024-11-29T14.33.20.629,7.040,-0.975,0.229,0.193
1732908800639,2024-11-29T14.33.20.639,7.050,-0.978,0.225,0.201
1732908800649,2024-11-29T14.33.20.649,7.060,-0.988,0.226,0.211
1732908800659,2024-11-29T14.33.20.659,7.070,-0.998,0.225,0.232
1732908800669,2024-11-29T14.33.20.669,7.080,-0.995,0.226,0.246
1732908800679,2024-11-29T14.33.20.679,7.090,-0.992,0.227,0.252
1732908800689,2024-11-29T14.33.20.689,7.100,-0.995,0.225,0.258
1732908800699,2024-11-29T14.33.20.699,7.110,-0.995,0.226,0.269
1732908800709,2024-11-29T14.33.20.709,7.120,-0.994,0.229,0.277
1732908800719,2024-11-29T14.33.20.719,7.130,-0.998,0.229,0.283
1732908800729,2024-11-29T14.33.20.729,7.140,-1.003,0.229,0.297
1732908800739,2024-11-29T14.33.20.739,7.150,-1.004,0.231,0.308
1732908800749,2024-11-29T14.33.20.749,7.160,-1.002,0.229,0.312
1732908800759,2024-11-29T14.33.20.759,7.170,-1.000,0.226,0.314
1732908800769,2024-11-29T14.33.20.769,7.180,-1.000,0.226,0.318
1732908800779,2024-11-29T14.33.20.779,7.190,-0.996,0.225,0.318
1732908800789,2024-11-29T14.33.20.789,7.200,-0.989,0.224,0.313
1732908800799,2024-11-29T14.33.20.799,7.210,-0.978,0.221,0.305
1732908800809,2024-11-29T14.33.20.809,7.220,-0.971,0.222,0.301
1732908800819,2024-11-29T14.33.20.819,7.230,-0.967,0.218,0.293
1732908800829,2024-11-29T14.33.20.829,7.240,-0.965,0.216,0.287
1732908800839,2024-11-29T14.33.20.839,7.250,-0.958,0.217,0.277
1732908800849,2024-11-29T14.33.20.849,7.260,-0.952,0.215,0.272
1732908800859,2024-11-29T14.33.20.859,7.270,-0.951,0.214,0.268
1732908800869,2024-11-29T14.33.20.869,7.280,-0.950,0.215,0.260
1732908800879,2024-11-29T14.33.20.879,7.290,-0.947,0.215,0.256
1732908800889,2024-11-29T14.33.20.889,7.300,-0.945,0.215,0.254
1732908800899,2024-11-29T14.33.20.899,7.310,-0.945,0.217,0.247
1732908800909,2024-11-29T14.33.20.909,7.320,-0.943,0.216,0.245
1732908800919,2024-11-29T14.33.20.919,7.330,-0.947,0.218,0.242
1732908800929,2024-11-29T14.33.20.929,7.340,-0.946,0.219,0.243
1732908800939,2024-11-29T14.33.20.939,7.350,-0.946,0.219,0.239
1732908800949,2024-11-29T14.33.20.949,7.360,-0.948,0.220,0.237
1732908800959,2024-11-29T14.33.20.959,7.370,-0.946,0.220,0.237
1732908800969,2024-11-29T14.33.20.969,7.380,-0.943,0.222,0.230
1732908800979,2024-11-29T14.33.20.979,7.390,-0.945,0.225,0.228
1732908800989,2024-11-29T14.33.20.989,7.400,-0.946,0.229,0.229
1732908800999,2024-11-29T14.33.20.999,7.410,-0.946,0.230,0.227
1732908801009,2024-11-29T14.33.21.009,7.420,-0.948,0.227,0.231
1732908801019,2024-11-29T14.33.21.019,7.430,-0.956,0.227,0.232
1732908801029,2024-11-29T14.33.21.029,7.440,-0.958,0.229,0.233
1732908801039,2024-11-29T14.33.21.039,7.450,-0.957,0.230,0.231
1732908801049,2024-11-29T14.33.21.049,7.460,-0.956,0.230,0.232
1732908801059,2024-11-29T14.33.21.059,7.470,-0.959,0.228,0.234
1732908801069,2024-11-29T14.33.21.069,7.480,-0.959,0.227,0.234
1732908801079,2024-11-29T14.33.21.079,7.490,-0.956,0.226,0.232
1732908801089,2024-11-29T14.33.21.089,7.500,-0.953,0.227,0.231
1732908801099,2024-11-29T14.33.21.099,7.510,-0.954,0.225,0.231
1732908801109,2024-11-29T14.33.21.109,7.520,-0.955,0.223,0.228
1732908801119,2024-11-29T14.33.21.119,7.530,-0.957,0.222,0.224
1732908801129,2024-11-29T14.33.21.129,7.540,-0.956,0.225,0.225
1732908801139,2024-11-29T14.33.21.139,7.550,-0.952,0.226,0.222
1732908801149,2024-11-29T14.33.21.149,7.560,-0.946,0.229,0.220
1732908801159,2024-11-29T14.33.21.159,7.570,-0.943,0.227,0.218
1732908801169,2024-11-29T14.33.21.169,7.580,-0.945,0.225,0.217
1732908801179,2024-11-29T14.33.21.179,7.590,-0.947,0.219,0.220
1732908801189,2024-11-29T14.33.21.189,7.600,-0.945,0.219,0.225
1732908801199,2024-11-29T14.33.21.199,7.610,-0.957,0.219,0.226
1732908801209,2024-11-29T14.33.21.209,7.620,-0.962,0.220,0.235
1732908801219,2024-11-29T14.33.21.219,7.630,-0.963,0.221,0.240
1732908801229,2024-11-29T14.33.21.229,7.640,-0.964,0.218,0.247
1732908801239,2024-11-29T14.33.21.239,7.650,-0.974,0.217,0.258
1732908801249,2024-11-29T14.33.21.249,7.660,-0.992,0.216,0.276
1732908801259,2024-11-29T14.33.21.259,7.670,-1.008,0.215,0.292
1732908801269,2024-11-29T14.33.21.269,7.680,-1.024,0.212,0.314
1732908801279,2024-11-29T14.33.21.279,7.690,-1.042,0.217,0.329
1732908801289,2024-11-29T14.33.21.289,7.700,-1.042,0.217,0.340
1732908801299,2024-11-29T14.33.21.299,7.710,-1.041,0.216,0.333
1732908801309,2024-11-29T14.33.21.309,7.720,-1.047,0.215,0.327
1732908801319,2024-11-29T14.33.21.319,7.730,-1.048,0.214,0.333
1732908801329,2024-11-29T14.33.21.329,7.740,-1.053,0.213,0.338
1732908801339,2024-11-29T14.33.21.339,7.750,-1.057,0.210,0.340
1732908801349,2024-11-29T14.33.21.349,7.760,-1.062,0.209,0.342
1732908801359,2024-11-29T14.33.21.359,7.770,-1.063,0.218,0.336
1732908801369,2024-11-29T14.33.21.369,7.780,-1.047,0.226,0.310
1732908801379,2024-11-29T14.33.21.379,7.790,-1.017,0.239,0.272
1732908801389,2024-11-29T14.33.21.389,7.800,-0.995,0.254,0.235
1732908801399,2024-11-29T14.33.21.399,7.810,-0.982,0.261,0.198
1732908801409,2024-11-29T14.33.21.409,7.820,-0.991,0.250,0.174
1732908801419,2024-11-29T14.33.21.419,7.830,-1.010,0.245,0.167
1732908801429,2024-11-29T14.33.21.429,7.840,-0.994,0.258,0.138
1732908801439,2024-11-29T14.33.21.439,7.850,-0.967,0.263,0.091
1732908801449,2024-11-29T14.33.21.449,7.860,-0.937,0.270,0.049
1732908801459,2024-11-29T14.33.21.459,7.870,-0.908,0.268,0.006
1732908801469,2024-11-29T14.33.21.469,7.880,-0.890,0.265,-0.051
1732908801479,2024-11-29T14.33.21.479,7.890,-0.871,0.250,-0.094
1732908801489,2024-11-29T14.33.21.489,7.900,-0.856,0.236,-0.133
1732908801499,2024-11-29T14.33.21.499,7.910,-0.856,0.231,-0.176
1732908801509,2024-11-29T14.33.21.509,7.920,-0.866,0.226,-0.202
1732908801519,2024-11-29T14.33.21.519,7.930,-0.859,0.226,-0.237
1732908801529,2024-11-29T14.33.21.529,7.940,-0.834,0.232,-0.286
1732908801539,2024-11-29T14.33.21.539,7.950,-0.827,0.230,-0.329
1732908801549,2024-11-29T14.33.21.549,7.960,-0.825,0.235,-0.364
1732908801559,2024-11-29T14.33.21.559,7.970,-0.825,0.248,-0.402
1732908801569,2024-11-29T14.33.21.569,7.980,-0.809,0.255,-0.430
1732908801579,2024-11-29T14.33.21.579,7.990,-0.794,0.256,-0.461
1732908801589,2024-11-29T14.33.21.589,8.000,-0.792,0.257,-0.495
1732908801599,2024-11-29T14.33.21.599,8.010,-0.800,0.267,-0.511
1732908801609,2024-11-29T14.33.21.609,8.020,-0.806,0.280,-0.524
1732908801619,2024-11-29T14.33.21.619,8.030,-0.796,0.296,-0.538
1732908801629,2024-11-29T14.33.21.629,8.040,-0.775,0.317,-0.563
1732908801639,2024-11-29T14.33.21.639,8.050,-0.777,0.339,-0.588
1732908801649,2024-11-29T14.33.21.649,8.060,-0.785,0.357,-0.588
1732908801659,2024-11-29T14.33.21.659,8.070,-0.790,0.366,-0.581
1732908801669,2024-11-29T14.33.21.669,8.080,-0.789,0.371,-0.576
1732908801679,2024-11-29T14.33.21.679,8.090,-0.791,0.363,-0.577
1732908801689,2024-11-29T14.33.21.689,8.100,-0.779,0.362,-0.571
1732908801699,2024-11-29T14.33.21.699,8.110,-0.766,0.357,-0.575
1732908801709,2024-11-29T14.33.21.709,8.120,-0.778,0.356,-0.584
1732908801719,2024-11-29T14.33.21.719,8.130,-0.816,0.360,-0.583
1732908801729,2024-11-29T14.33.21.729,8.140,-0.836,0.358,-0.571
1732908801739,2024-11-29T14.33.21.739,8.150,-0.825,0.352,-0.567
1732908801749,2024-11-29T14.33.21.749,8.160,-0.817,0.340,-0.564
1732908801759,2024-11-29T14.33.21.759,8.170,-0.815,0.330,-0.556
1732908801769,2024-11-29T14.33.21.769,8.180,-0.807,0.316,-0.548
1732908801779,2024-11-29T14.33.21.779,8.190,-0.806,0.298,-0.543
1732908801789,2024-11-29T14.33.21.789,8.200,-0.817,0.285,-0.534
1732908801799,2024-11-29T14.33.21.799,8.210,-0.826,0.271,-0.525
1732908801809,2024-11-29T14.33.21.809,8.220,-0.830,0.259,-0.517
1732908801819,2024-11-29T14.33.21.819,8.230,-0.825,0.249,-0.512
1732908801829,2024-11-29T14.33.21.829,8.240,-0.825,0.239,-0.508
1732908801839,2024-11-29T14.33.21.839,8.250,-0.833,0.231,-0.498
1732908801849,2024-11-29T14.33.21.849,8.260,-0.848,0.225,-0.484
1732908801859,2024-11-29T14.33.21.859,8.270,-0.847,0.222,-0.479
1732908801869,2024-11-29T14.33.21.869,8.280,-0.841,0.226,-0.478
1732908801879,2024-11-29T14.33.21.879,8.290,-0.842,0.234,-0.474
1732908801889,2024-11-29T14.33.21.889,8.300,-0.849,0.239,-0.460
1732908801899,2024-11-29T14.33.21.899,8.310,-0.855,0.243,-0.452
1732908801909,2024-11-29T14.33.21.909,8.320,-0.860,0.248,-0.441
1732908801919,2024-11-29T14.33.21.919,8.330,-0.862,0.252,-0.427
1732908801929,2024-11-29T14.33.21.929,8.340,-0.859,0.258,-0.418
1732908801939,2024-11-29T14.33.21.939,8.350,-0.858,0.263,-0.411
1732908801949,2024-11-29T14.33.21.949,8.360,-0.868,0.264,-0.396
1732908801959,2024-11-29T14.33.21.959,8.370,-0.878,0.261,-0.373
1732908801969,2024-11-29T14.33.21.969,8.380,-0.887,0.260,-0.353
1732908801979,2024-11-29T14.33.21.979,8.390,-0.892,0.260,-0.332
1732908801989,2024-11-29T14.33.21.989,8.400,-0.890,0.259,-0.315
1732908801999,2024-11-29T14.33.21.999,8.410,-0.890,0.260,-0.298
1732908802009,2024-11-29T14.33.22.009,8.420,-0.892,0.266,-0.281
1732908802019,2024-11-29T14.33.22.019,8.430,-0.894,0.269,-0.262
1732908802029,2024-11-29T14.33.22.029,8.440,-0.906,0.268,-0.238
1732908802039,2024-11-29T14.33.22.039,8.450,-0.922,0.264,-0.211
1732908802049,2024-11-29T14.33.22.049,8.460,-0.926,0.257,-0.183
1732908802059,2024-11-29T14.33.22.059,8.470,-0.935,0.255,-0.164
1732908802069,2024-11-29T14.33.22.069,8.480,-0.940,0.256,-0.146
1732908802079,2024-11-29T14.33.22.079,8.490,-0.940,0.255,-0.127
1732908802089,2024-11-29T14.33.22.089,8.500,-0.948,0.254,-0.099
1732908802099,2024-11-29T14.33.22.099,8.510,-0.959,0.247,-0.068
1732908802109,2024-11-29T14.33.22.109,8.520,-0.968,0.237,-0.042
1732908802119,2024-11-29T14.33.22.119,8.530,-0.981,0.233,-0.018
1732908802129,2024-11-29T14.33.22.129,8.540,-1.000,0.239,0.000
1732908802139,2024-11-29T14.33.22.139,8.550,-1.011,0.259,0.020
1732908802149,2024-11-29T14.33.22.149,8.560,-1.020,0.268,0.036
1732908802159,2024-11-29T14.33.22.159,8.570,-1.021,0.265,0.058
1732908802169,2024-11-29T14.33.22.169,8.580,-1.012,0.268,0.072
1732908802179,2024-11-29T14.33.22.179,8.590,-1.000,0.259,0.087
1732908802189,2024-11-29T14.33.22.189,8.600,-0.996,0.241,0.104
1732908802199,2024-11-29T14.33.22.199,8.610,-0.995,0.224,0.118
1732908802209,2024-11-29T14.33.22.209,8.620,-0.986,0.205,0.127
1732908802219,2024-11-29T14.33.22.219,8.630,-0.978,0.188,0.134
1732908802229,2024-11-29T14.33.22.229,8.640,-0.971,0.179,0.139
1732908802239,2024-11-29T14.33.22.239,8.650,-0.972,0.181,0.154
1732908802249,2024-11-29T14.33.22.249,8.660,-0.972,0.187,0.159
1732908802259,2024-11-29T14.33.22.259,8.670,-0.972,0.196,0.166
1732908802269,2024-11-29T14.33.22.269,8.680,-0.983,0.197,0.174
1732908802279,2024-11-29T14.33.22.279,8.690,-0.986,0.196,0.186
1732908802289,2024-11-29T14.33.22.289,8.700,-0.981,0.192,0.191
1732908802299,2024-11-29T14.33.22.299,8.710,-0.985,0.188,0.191
1732908802309,2024-11-29T14.33.22.309,8.720,-0.995,0.183,0.206
1732908802319,2024-11-29T14.33.22.319,8.730,-0.995,0.181,0.218
1732908802329,2024-11-29T14.33.22.329,8.740,-0.986,0.188,0.223
1732908802339,2024-11-29T14.33.22.339,8.750,-0.978,0.201,0.229
1732908802349,2024-11-29T14.33.22.349,8.760,-0.980,0.219,0.233
1732908802359,2024-11-29T14.33.22.359,8.770,-0.984,0.232,0.237
1732908802369,2024-11-29T14.33.22.369,8.780,-0.984,0.239,0.243
1732908802379,2024-11-29T14.33.22.379,8.790,-0.988,0.241,0.249
1732908802389,2024-11-29T14.33.22.389,8.800,-0.992,0.240,0.257
1732908802399,2024-11-29T14.33.22.399,8.810,-0.993,0.239,0.262
1732908802409,2024-11-29T14.33.22.409,8.820,-0.991,0.236,0.266
1732908802419,2024-11-29T14.33.22.419,8.830,-0.987,0.230,0.271
1732908802429,2024-11-29T14.33.22.429,8.840,-0.982,0.225,0.271
1732908802439,2024-11-29T14.33.22.439,8.850,-0.973,0.226,0.272
1732908802449,2024-11-29T14.33.22.449,8.860,-0.969,0.224,0.274
1732908802459,2024-11-29T14.33.22.459,8.870,-0.969,0.223,0.274
1732908802469,2024-11-29T14.33.22.469,8.880,-0.960,0.224,0.277
1732908802479,2024-11-29T14.33.22.479,8.890,-0.958,0.221,0.278
1732908802489,2024-11-29T14.33.22.489,8.900,-0.958,0.216,0.278
1732908802499,2024-11-29T14.33.22.499,8.910,-0.953,0.214,0.278
1732908802509,2024-11-29T14.33.22.509,8.920,-0.949,0.212,0.275
1732908802519,2024-11-29T14.33.22.519,8.930,-0.950,0.210,0.275
1732908802529,2024-11-29T14.33.22.529,8.940,-0.949,0.207,0.275
1732908802539,2024-11-29T14.33.22.539,8.950,-0.947,0.210,0.276
1732908802549,2024-11-29T14.33.22.549,8.960,-0.945,0.211,0.278
1732908802559,2024-11-29T14.33.22.559,8.970,-0.945,0.215,0.274
1732908802569,2024-11-29T14.33.22.569,8.980,-0.948,0.215,0.277
1732908802579,2024-11-29T14.33.22.579,8.990,-0.949,0.223,0.278
1732908802589,2024-11-29T14.33.22.589,9.000,-0.949,0.224,0.276
1732908802599,2024-11-29T14.33.22.599,9.010,-0.950,0.224,0.275
1732908802609,2024-11-29T14.33.22.609,9.020,-0.952,0.227,0.270
1732908802619,2024-11-29T14.33.22.619,9.030,-0.951,0.227,0.269
1732908802629,2024-11-29T14.33.22.629,9.040,-0.949,0.227,0.270
1732908802639,2024-11-29T14.33.22.639,9.050,-0.949,0.225,0.263
1732908802649,2024-11-29T14.33.22.649,9.060,-0.951,0.225,0.264
1732908802659,2024-11-29T14.33.22.659,9.070,-0.950,0.223,0.266
1732908802669,2024-11-29T14.33.22.669,9.080,-0.951,0.224,0.265
1732908802679,2024-11-29T14.33.22.679,9.090,-0.951,0.227,0.268
1732908802689,2024-11-29T14.33.22.689,9.100,-0.952,0.227,0.265
1732908802699,2024-11-29T14.33.22.699,9.110,-0.952,0.227,0.263
1732908802709,2024-11-29T14.33.22.709,9.120,-0.955,0.227,0.258
1732908802719,2024-11-29T14.33.22.719,9.130,-0.955,0.226,0.256
1732908802729,2024-11-29T14.33.22.729,9.140,-0.958,0.226,0.251
1732908802739,2024-11-29T14.33.22.739,9.150,-0.954,0.224,0.252
1732908802749,2024-11-29T14.33.22.749,9.160,-0.951,0.227,0.250
1732908802759,2024-11-29T14.33.22.759,9.170,-0.946,0.227,0.246
1732908802769,2024-11-29T14.33.22.769,9.180,-0.947,0.227,0.241
1732908802779,2024-11-29T14.33.22.779,9.190,-0.950,0.230,0.245
1732908802789,2024-11-29T14.33.22.789,9.200,-0.946,0.227,0.241
1732908802799,2024-11-29T14.33.22.799,9.210,-0.950,0.227,0.238
1732908802809,2024-11-29T14.33.22.809,9.220,-0.955,0.227,0.239
1732908802819,2024-11-29T14.33.22.819,9.230,-0.951,0.225,0.237
1732908802829,2024-11-29T14.33.22.829,9.240,-0.946,0.224,0.238
1732908802839,2024-11-29T14.33.22.839,9.250,-0.943,0.224,0.241
1732908802849,2024-11-29T14.33.22.849,9.260,-0.941,0.224,0.239
1732908802859,2024-11-29T14.33.22.859,9.270,-0.943,0.225,0.236
1732908802869,2024-11-29T14.33.22.869,9.280,-0.945,0.227,0.241
1732908802879,2024-11-29T14.33.22.879,9.290,-0.949,0.226,0.244
1732908802889,2024-11-29T14.33.22.889,9.300,-0.951,0.224,0.243
1732908802899,2024-11-29T14.33.22.899,9.310,-0.950,0.226,0.242
1732908802909,2024-11-29T14.33.22.909,9.320,-0.947,0.226,0.249
1732908802919,2024-11-29T14.33.22.919,9.330,-0.943,0.222,0.245
1732908802929,2024-11-29T14.33.22.929,9.340,-0.943,0.219,0.245
1732908802939,2024-11-29T14.33.22.939,9.350,-0.942,0.215,0.250
1732908802949,2024-11-29T14.33.22.949,9.360,-0.947,0.209,0.254
1732908802959,2024-11-29T14.33.22.959,9.370,-0.953,0.209,0.261
1732908802969,2024-11-29T14.33.22.969,9.380,-0.959,0.209,0.267
1732908802979,2024-11-29T14.33.22.979,9.390,-0.959,0.208,0.268
1732908802989,2024-11-29T14.33.22.989,9.400,-0.957,0.209,0.268
1732908802999,2024-11-29T14.33.22.999,9.410,-0.955,0.212,0.269
1732908803009,2024-11-29T14.33.23.009,9.420,-0.950,0.212,0.266
1732908803019,2024-11-29T14.33.23.019,9.430,-0.949,0.213,0.263
1732908803029,2024-11-29T14.33.23.029,9.440,-0.950,0.216,0.265
1732908803039,2024-11-29T14.33.23.039,9.450,-0.952,0.217,0.263
1732908803049,2024-11-29T14.33.23.049,9.460,-0.954,0.218,0.269
1732908803059,2024-11-29T14.33.23.059,9.470,-0.963,0.217,0.278
1732908803069,2024-11-29T14.33.23.069,9.480,-0.972,0.219,0.285
1732908803079,2024-11-29T14.33.23.079,9.490,-0.969,0.219,0.291
1732908803089,2024-11-29T14.33.23.089,9.500,-0.963,0.223,0.297
1732908803099,2024-11-29T14.33.23.099,9.510,-0.964,0.232,0.307
1732908803109,2024-11-29T14.33.23.109,9.520,-0.973,0.241,0.312
1732908803119,2024-11-29T14.33.23.119,9.530,-0.979,0.247,0.324
1732908803129,2024-11-29T14.33.23.129,9.540,-0.992,0.253,0.327
1732908803139,2024-11-29T14.33.23.139,9.550,-1.006,0.255,0.331
1732908803149,2024-11-29T14.33.23.149,9.560,-1.018,0.254,0.331
1732908803159,2024-11-29T14.33.23.159,9.570,-1.024,0.252,0.325
1732908803169,2024-11-29T14.33.23.169,9.580,-1.027,0.245,0.326
1732908803179,2024-11-29T14.33.23.179,9.590,-1.028,0.236,0.319
1732908803189,2024-11-29T14.33.23.189,9.600,-1.023,0.231,0.307
1732908803199,2024-11-29T14.33.23.199,9.610,-1.010,0.224,0.288
1732908803209,2024-11-29T14.33.23.209,9.620,-1.005,0.213,0.271
1732908803219,2024-11-29T14.33.23.219,9.630,-1.002,0.203,0.252
1732908803229,2024-11-29T14.33.23.229,9.640,-0.996,0.208,0.228
1732908803239,2024-11-29T14.33.23.239,9.650,-0.981,0.216,0.204
1732908803249,2024-11-29T14.33.23.249,9.660,-0.969,0.220,0.191
1732908803259,2024-11-29T14.33.23.259,9.670,-0.968,0.218,0.179
1732908803269,2024-11-29T14.33.23.269,9.680,-0.965,0.224,0.163
1732908803279,2024-11-29T14.33.23.279,9.690,-0.969,0.228,0.145
1732908803289,2024-11-29T14.33.23.289,9.700,-0.972,0.235,0.124
1732908803299,2024-11-29T14.33.23.299,9.710,-0.962,0.250,0.097
1732908803309,2024-11-29T14.33.23.309,9.720,-0.957,0.265,0.072
1732908803319,2024-11-29T14.33.23.319,9.730,-0.953,0.274,0.047
1732908803329,2024-11-29T14.33.23.329,9.740,-0.955,0.280,0.028
1732908803339,2024-11-29T14.33.23.339,9.750,-0.953,0.286,-0.001
1732908803349,2024-11-29T14.33.23.349,9.760,-0.945,0.284,-0.027
1732908803359,2024-11-29T14.33.23.359,9.770,-0.937,0.281,-0.051
1732908803369,2024-11-29T14.33.23.369,9.780,-0.923,0.286,-0.084
1732908803379,2024-11-29T14.33.23.379,9.790,-0.915,0.290,-0.117
1732908803389,2024-11-29T14.33.23.389,9.800,-0.913,0.292,-0.142
1732908803399,2024-11-29T14.33.23.399,9.810,-0.918,0.293,-0.163
1732908803409,2024-11-29T14.33.23.409,9.820,-0.896,0.300,-0.191
1732908803419,2024-11-29T14.33.23.419,9.830,-0.887,0.300,-0.230
1732908803429,2024-11-29T14.33.23.429,9.840,-0.883,0.304,-0.254
1732908803439,2024-11-29T14.33.23.439,9.850,-0.873,0.312,-0.281
1732908803449,2024-11-29T14.33.23.449,9.860,-0.850,0.313,-0.320
1732908803459,2024-11-29T14.33.23.459,9.870,-0.835,0.312,-0.355
1732908803469,2024-11-29T14.33.23.469,9.880,-0.836,0.317,-0.376
1732908803479,2024-11-29T14.33.23.479,9.890,-0.833,0.322,-0.400
1732908803489,2024-11-29T14.33.23.489,9.900,-0.829,0.326,-0.428
1732908803499,2024-11-29T14.33.23.499,9.910,-0.818,0.331,-0.453
1732908803509,2024-11-29T14.33.23.509,9.920,-0.790,0.333,-0.484
1732908803519,2024-11-29T14.33.23.519,9.930,-0.766,0.330,-0.512
1732908803529,2024-11-29T14.33.23.529,9.940,-0.750,0.324,-0.543
1732908803539,2024-11-29T14.33.23.539,9.950,-0.754,0.322,-0.571
1732908803549,2024-11-29T14.33.23.549,9.960,-0.762,0.320,-0.586
1732908803559,2024-11-29T14.33.23.559,9.970,-0.767,0.317,-0.599
1732908803569,2024-11-29T14.33.23.569,9.980,-0.758,0.316,-0.617
1732908803579,2024-11-29T14.33.23.579,9.990,-0.754,0.315,-0.625
1732908803589,2024-11-29T14.33.23.589,10.000,-0.760,0.318,-0.630
1732908803599,2024-11-29T14.33.23.599,10.010,-0.766,0.319,-0.628
1732908803609,2024-11-29T14.33.23.609,10.020,-0.776,0.319,-0.621
1732908803619,2024-11-29T14.33.23.619,10.030,-0.781,0.318,-0.604
1732908803629,2024-11-29T14.33.23.629,10.040,-0.779,0.313,-0.605
1732908803639,2024-11-29T14.33.23.639,10.050,-0.776,0.311,-0.600
1732908803649,2024-11-29T14.33.23.649,10.060,-0.788,0.309,-0.590
1732908803659,2024-11-29T14.33.23.659,10.070,-0.793,0.306,-0.585
1732908803669,2024-11-29T14.33.23.669,10.080,-0.792,0.305,-0.587
1732908803679,2024-11-29T14.33.23.679,10.090,-0.796,0.301,-0.581
1732908803689,2024-11-29T14.33.23.689,10.100,-0.804,0.302,-0.571
1732908803699,2024-11-29T14.33.23.699,10.110,-0.810,0.305,-0.562
1732908803709,2024-11-29T14.33.23.709,10.120,-0.813,0.308,-0.554
1732908803719,2024-11-29T14.33.23.719,10.130,-0.821,0.309,-0.552
1732908803729,2024-11-29T14.33.23.729,10.140,-0.822,0.307,-0.550
1732908803739,2024-11-29T14.33.23.739,10.150,-0.823,0.305,-0.549
1732908803749,2024-11-29T14.33.23.749,10.160,-0.819,0.305,-0.547
1732908803759,2024-11-29T14.33.23.759,10.170,-0.817,0.308,-0.548
1732908803769,2024-11-29T14.33.23.769,10.180,-0.823,0.310,-0.545
1732908803779,2024-11-29T14.33.23.779,10.190,-0.822,0.312,-0.544
1732908803789,2024-11-29T14.33.23.789,10.200,-0.813,0.307,-0.544
1732908803799,2024-11-29T14.33.23.799,10.210,-0.817,0.302,-0.537
1732908803809,2024-11-29T14.33.23.809,10.220,-0.832,0.296,-0.520
1732908803819,2024-11-29T14.33.23.819,10.230,-0.840,0.292,-0.508
1732908803829,2024-11-29T14.33.23.829,10.240,-0.847,0.307,-0.505
1732908803839,2024-11-29T14.33.23.839,10.250,-0.853,0.328,-0.502
1732908803849,2024-11-29T14.33.23.849,10.260,-0.866,0.345,-0.489
1732908803859,2024-11-29T14.33.23.859,10.270,-0.887,0.346,-0.470
1732908803869,2024-11-29T14.33.23.869,10.280,-0.893,0.331,-0.447
1732908803879,2024-11-29T14.33.23.879,10.290,-0.877,0.312,-0.441
1732908803889,2024-11-29T14.33.23.889,10.300,-0.864,0.285,-0.427
1732908803899,2024-11-29T14.33.23.899,10.310,-0.855,0.259,-0.413
1732908803909,2024-11-29T14.33.23.909,10.320,-0.852,0.237,-0.397
1732908803919,2024-11-29T14.33.23.919,10.330,-0.858,0.223,-0.389
1732908803929,2024-11-29T14.33.23.929,10.340,-0.859,0.207,-0.369
1732908803939,2024-11-29T14.33.23.939,10.350,-0.872,0.194,-0.358
1732908803949,2024-11-29T14.33.23.949,10.360,-0.890,0.187,-0.345
1732908803959,2024-11-29T14.33.23.959,10.370,-0.895,0.185,-0.338
1732908803969,2024-11-29T14.33.23.969,10.380,-0.887,0.189,-0.331
1732908803979,2024-11-29T14.33.23.979,10.390,-0.885,0.188,-0.326
1732908803989,2024-11-29T14.33.23.989,10.400,-0.884,0.191,-0.316
1732908803999,2024-11-29T14.33.23.999,10.410,-0.883,0.190,-0.302
1732908804009,2024-11-29T14.33.24.009,10.420,-0.887,0.188,-0.286
1732908804019,2024-11-29T14.33.24.019,10.430,-0.894,0.191,-0.265
1732908804029,2024-11-29T14.33.24.029,10.440,-0.900,0.188,-0.240
1732908804039,2024-11-29T14.33.24.039,10.450,-0.907,0.190,-0.227
1732908804049,2024-11-29T14.33.24.049,10.460,-0.910,0.201,-0.202
1732908804059,2024-11-29T14.33.24.059,10.470,-0.915,0.205,-0.186
1732908804069,2024-11-29T14.33.24.069,10.480,-0.933,0.209,-0.163
1732908804079,2024-11-29T14.33.24.079,10.490,-0.952,0.213,-0.135
1732908804089,2024-11-29T14.33.24.089,10.500,-0.968,0.214,-0.107
1732908804099,2024-11-29T14.33.24.099,10.510,-0.980,0.208,-0.079
1732908804109,2024-11-29T14.33.24.109,10.520,-0.988,0.212,-0.055
1732908804119,2024-11-29T14.33.24.119,10.530,-1.007,0.217,-0.030
1732908804129,2024-11-29T14.33.24.129,10.540,-1.024,0.222,-0.009
1732908804139,2024-11-29T14.33.24.139,10.550,-1.021,0.224,-0.002
1732908804149,2024-11-29T14.33.24.149,10.560,-1.000,0.224,0.009
1732908804159,2024-11-29T14.33.24.159,10.570,-0.976,0.226,0.015
1732908804169,2024-11-29T14.33.24.169,10.580,-0.957,0.227,0.025
1732908804179,2024-11-29T14.33.24.179,10.590,-0.938,0.229,0.032
1732908804189,2024-11-29T14.33.24.189,10.600,-0.928,0.230,0.035
1732908804199,2024-11-29T14.33.24.199,10.610,-0.929,0.233,0.044
1732908804209,2024-11-29T14.33.24.209,10.620,-0.935,0.240,0.053
1732908804219,2024-11-29T14.33.24.219,10.630,-0.945,0.243,0.059
1732908804229,2024-11-29T14.33.24.229,10.640,-0.963,0.246,0.080
1732908804239,2024-11-29T14.33.24.239,10.650,-0.988,0.245,0.108
1732908804249,2024-11-29T14.33.24.249,10.660,-0.996,0.249,0.131
1732908804259,2024-11-29T14.33.24.259,10.670,-0.988,0.247,0.150
1732908804269,2024-11-29T14.33.24.269,10.680,-0.983,0.245,0.168
1732908804279,2024-11-29T14.33.24.279,10.690,-0.979,0.248,0.181
1732908804289,2024-11-29T14.33.24.289,10.700,-0.974,0.254,0.190
1732908804299,2024-11-29T14.33.24.299,10.710,-0.979,0.264,0.204
1732908804309,2024-11-29T14.33.24.309,10.720,-0.996,0.271,0.228
1732908804319,2024-11-29T14.33.24.319,10.730,-1.006,0.274,0.249
1732908804329,2024-11-29T14.33.24.329,10.740,-1.002,0.275,0.260
1732908804339,2024-11-29T14.33.24.339,10.750,-0.998,0.275,0.268
1732908804349,2024-11-29T14.33.24.349,10.760,-1.001,0.276,0.276
1732908804359,2024-11-29T14.33.24.359,10.770,-1.000,0.273,0.285
1732908804369,2024-11-29T14.33.24.369,10.780,-1.000,0.277,0.286
1732908804379,2024-11-29T14.33.24.379,10.790,-0.999,0.279,0.285
1732908804389,2024-11-29T14.33.24.389,10.800,-0.993,0.283,0.289
1732908804399,2024-11-29T14.33.24.399,10.810,-0.986,0.283,0.287
1732908804409,2024-11-29T14.33.24.409,10.820,-0.982,0.280,0.286
1732908804419,2024-11-29T14.33.24.419,10.830,-0.989,0.280,0.292
1732908804429,2024-11-29T14.33.24.429,10.840,-0.991,0.280,0.290
1732908804439,2024-11-29T14.33.24.439,10.850,-0.979,0.274,0.285
1732908804449,2024-11-29T14.33.24.449,10.860,-0.969,0.268,0.289
1732908804459,2024-11-29T14.33.24.459,10.870,-0.966,0.262,0.286
1732908804469,2024-11-29T14.33.24.469,10.880,-0.954,0.259,0.287
1732908804479,2024-11-29T14.33.24.479,10.890,-0.944,0.253,0.286
1732908804489,2024-11-29T14.33.24.489,10.900,-0.940,0.249,0.283
1732908804499,2024-11-29T14.33.24.499,10.910,-0.940,0.247,0.280
1732908804509,2024-11-29T14.33.24.509,10.920,-0.940,0.241,0.275
1732908804519,2024-11-29T14.33.24.519,10.930,-0.941,0.240,0.276
1732908804529,2024-11-29T14.33.24.529,10.940,-0.940,0.242,0.273
1732908804539,2024-11-29T14.33.24.539,10.950,-0.935,0.237,0.270
1732908804549,2024-11-29T14.33.24.549,10.960,-0.941,0.235,0.271
1732908804559,2024-11-29T14.33.24.559,10.970,-0.945,0.237,0.272
1732908804569,2024-11-29T14.33.24.569,10.980,-0.945,0.234,0.267
1732908804579,2024-11-29T14.33.24.579,10.990,-0.942,0.233,0.268
1732908804589,2024-11-29T14.33.24.589,11.000,-0.941,0.241,0.263
1732908804599,2024-11-29T14.33.24.599,11.010,-0.943,0.243,0.253
1732908804609,2024-11-29T14.33.24.609,11.020,-0.949,0.247,0.250
1732908804619,2024-11-29T14.33.24.619,11.030,-0.948,0.246,0.247
1732908804629,2024-11-29T14.33.24.629,11.040,-0.948,0.245,0.241
1732908804639,2024-11-29T14.33.24.639,11.050,-0.949,0.244,0.237
1732908804649,2024-11-29T14.33.24.649,11.060,-0.948,0.246,0.236
1732908804659,2024-11-29T14.33.24.659,11.070,-0.949,0.250,0.235
1732908804669,2024-11-29T14.33.24.669,11.080,-0.946,0.249,0.230
1732908804679,2024-11-29T14.33.24.679,11.090,-0.948,0.246,0.226
1732908804689,2024-11-29T14.33.24.689,11.100,-0.948,0.247,0.226
1732908804699,2024-11-29T14.33.24.699,11.110,-0.947,0.244,0.225
1732908804709,2024-11-29T14.33.24.709,11.120,-0.947,0.243,0.221
1732908804719,2024-11-29T14.33.24.719,11.130,-0.948,0.245,0.222
1732908804729,2024-11-29T14.33.24.729,11.140,-0.951,0.243,0.222
1732908804739,2024-11-29T14.33.24.739,11.150,-0.946,0.244,0.217
1732908804749,2024-11-29T14.33.24.749,11.160,-0.945,0.245,0.213
1732908804759,2024-11-29T14.33.24.759,11.170,-0.945,0.243,0.212
1732908804769,2024-11-29T14.33.24.769,11.180,-0.945,0.242,0.206
1732908804779,2024-11-29T14.33.24.779,11.190,-0.949,0.243,0.209
1732908804789,2024-11-29T14.33.24.789,11.200,-0.950,0.242,0.207
1732908804799,2024-11-29T14.33.24.799,11.210,-0.950,0.241,0.205
1732908804809,2024-11-29T14.33.24.809,11.220,-0.952,0.243,0.206
1732908804819,2024-11-29T14.33.24.819,11.230,-0.951,0.244,0.204
1732908804829,2024-11-29T14.33.24.829,11.240,-0.952,0.242,0.203
1732908804839,2024-11-29T14.33.24.839,11.250,-0.950,0.246,0.201
1732908804849,2024-11-29T14.33.24.849,11.260,-0.947,0.246,0.197
1732908804859,2024-11-29T14.33.24.859,11.270,-0.949,0.246,0.199
1732908804869,2024-11-29T14.33.24.869,11.280,-0.951,0.249,0.196
1732908804879,2024-11-29T14.33.24.879,11.290,-0.949,0.253,0.193
1732908804889,2024-11-29T14.33.24.889,11.300,-0.947,0.251,0.193
1732908804899,2024-11-29T14.33.24.899,11.310,-0.949,0.252,0.192
1732908804909,2024-11-29T14.33.24.909,11.320,-0.949,0.253,0.194
1732908804919,2024-11-29T14.33.24.919,11.330,-0.950,0.254,0.197
1732908804929,2024-11-29T14.33.24.929,11.340,-0.950,0.253,0.202
1732908804939,2024-11-29T14.33.24.939,11.350,-0.949,0.251,0.203
1732908804949,2024-11-29T14.33.24.949,11.360,-0.949,0.252,0.202
1732908804959,2024-11-29T14.33.24.959,11.370,-0.950,0.254,0.203
1732908804969,2024-11-29T14.33.24.969,11.380,-0.951,0.256,0.207
1732908804979,2024-11-29T14.33.24.979,11.390,-0.951,0.251,0.208
1732908804989,2024-11-29T14.33.24.989,11.400,-0.950,0.255,0.207
1732908804999,2024-11-29T14.33.24.999,11.410,-0.952,0.253,0.210
1732908805009,2024-11-29T14.33.25.009,11.420,-0.950,0.253,0.211
1732908805019,2024-11-29T14.33.25.019,11.430,-0.950,0.250,0.213
1732908805029,2024-11-29T14.33.25.029,11.440,-0.950,0.250,0.216
1732908805039,2024-11-29T14.33.25.039,11.450,-0.951,0.248,0.217
1732908805049,2024-11-29T14.33.25.049,11.460,-0.953,0.247,0.219
1732908805059,2024-11-29T14.33.25.059,11.470,-0.953,0.246,0.218
1732908805069,2024-11-29T14.33.25.069,11.480,-0.950,0.245,0.216
1732908805079,2024-11-29T14.33.25.079,11.490,-0.950,0.244,0.217
1732908805089,2024-11-29T14.33.25.089,11.500,-0.953,0.244,0.220
1732908805099,2024-11-29T14.33.25.099,11.510,-0.953,0.243,0.219
1732908805109,2024-11-29T14.33.25.109,11.520,-0.955,0.245,0.217
1732908805119,2024-11-29T14.33.25.119,11.530,-0.955,0.241,0.217
1732908805129,2024-11-29T14.33.25.129,11.540,-0.953,0.240,0.219
1732908805139,2024-11-29T14.33.25.139,11.550,-0.950,0.242,0.216
1732908805149,2024-11-29T14.33.25.149,11.560,-0.952,0.243,0.213
1732908805159,2024-11-29T14.33.25.159,11.570,-0.951,0.243,0.214
1732908805169,2024-11-29T14.33.25.169,11.580,-0.948,0.243,0.213
1732908805179,2024-11-29T14.33.25.179,11.590,-0.945,0.244,0.217
1732908805189,2024-11-29T14.33.25.189,11.600,-0.948,0.248,0.217
1732908805199,2024-11-29T14.33.25.199,11.610,-0.953,0.248,0.214
1732908805209,2024-11-29T14.33.25.209,11.620,-0.954,0.253,0.214
1732908805219,2024-11-29T14.33.25.219,11.630,-0.958,0.250,0.214
1732908805229,2024-11-29T14.33.25.229,11.640,-0.959,0.250,0.211
1732908805239,2024-11-29T14.33.25.239,11.650,-0.958,0.249,0.208
1732908805249,2024-11-29T14.33.25.249,11.660,-0.954,0.249,0.209
1732908805259,2024-11-29T14.33.25.259,11.670,-0.947,0.248,0.206
1732908805269,2024-11-29T14.33.25.269,11.680,-0.947,0.248,0.205
1732908805279,2024-11-29T14.33.25.279,11.690,-0.950,0.246,0.205
1732908805289,2024-11-29T14.33.25.289,11.700,-0.951,0.248,0.205
1732908805299,2024-11-29T14.33.25.299,11.710,-0.951,0.250,0.205
1732908805309,2024-11-29T14.33.25.309,11.720,-0.952,0.254,0.202
1732908805319,2024-11-29T14.33.25.319,11.730,-0.951,0.254,0.200
1732908805329,2024-11-29T14.33.25.329,11.740,-0.950,0.256,0.201
1732908805339,2024-11-29T14.33.25.339,11.750,-0.952,0.257,0.198
1732908805349,2024-11-29T14.33.25.349,11.760,-0.950,0.259,0.199
1732908805359,2024-11-29T14.33.25.359,11.770,-0.954,0.259,0.199
1732908805369,2024-11-29T14.33.25.369,11.780,-0.960,0.257,0.199
1732908805379,2024-11-29T14.33.25.379,11.790,-0.956,0.257,0.198
1732908805389,2024-11-29T14.33.25.389,11.800,-0.953,0.255,0.195
1732908805399,2024-11-29T14.33.25.399,11.810,-0.956,0.257,0.194
1732908805409,2024-11-29T14.33.25.409,11.820,-0.960,0.260,0.194
1732908805419,2024-11-29T14.33.25.419,11.830,-0.956,0.257,0.194
1732908805429,2024-11-29T14.33.25.429,11.840,-0.951,0.255,0.194
1732908805439,2024-11-29T14.33.25.439,11.850,-0.952,0.256,0.191
1732908805449,2024-11-29T14.33.25.449,11.860,-0.959,0.256,0.192
1732908805459,2024-11-29T14.33.25.459,11.870,-0.962,0.258,0.191
1732908805469,2024-11-29T14.33.25.469,11.880,-0.959,0.255,0.192
1732908805479,2024-11-29T14.33.25.479,11.890,-0.959,0.254,0.192
1732908805489,2024-11-29T14.33.25.489,11.900,-0.961,0.253,0.193
1732908805499,2024-11-29T14.33.25.499,11.910,-0.955,0.252,0.192
1732908805509,2024-11-29T14.33.25.509,11.920,-0.950,0.255,0.185
1732908805519,2024-11-29T14.33.25.519,11.930,-0.947,0.256,0.182
1732908805529,2024-11-29T14.33.25.529,11.940,-0.949,0.256,0.184
1732908805539,2024-11-29T14.33.25.539,11.950,-0.952,0.255,0.181
1732908805549,2024-11-29T14.33.25.549,11.960,-0.950,0.258,0.181
1732908805559,2024-11-29T14.33.25.559,11.970,-0.949,0.256,0.180
1732908805569,2024-11-29T14.33.25.569,11.980,-0.949,0.254,0.179
1732908805579,2024-11-29T14.33.25.579,11.990,-0.948,0.258,0.180
1732908805589,2024-11-29T14.33.25.589,12.000,-0.949,0.261,0.180
1732908805599,2024-11-29T14.33.25.599,12.010,-0.951,0.262,0.178
1732908805609,2024-11-29T14.33.25.609,12.020,-0.953,0.261,0.179
1732908805619,2024-11-29T14.33.25.619,12.030,-0.952,0.261,0.181
1732908805629,2024-11-29T14.33.25.629,12.040,-0.950,0.262,0.181
1732908805639,2024-11-29T14.33.25.639,12.050,-0.950,0.262,0.179
1732908805649,2024-11-29T14.33.25.649,12.060,-0.950,0.263,0.184
1732908805659,2024-11-29T14.33.25.659,12.070,-0.952,0.264,0.183
1732908805669,2024-11-29T14.33.25.669,12.080,-0.953,0.263,0.178
1732908805679,2024-11-29T14.33.25.679,12.090,-0.952,0.263,0.181
1732908805689,2024-11-29T14.33.25.689,12.100,-0.952,0.262,0.184
1732908805699,2024-11-29T14.33.25.699,12.110,-0.950,0.262,0.184
1732908805709,2024-11-29T14.33.25.709,12.120,-0.950,0.261,0.183
1732908805719,2024-11-29T14.33.25.719,12.130,-0.955,0.263,0.183
1732908805729,2024-11-29T14.33.25.729,12.140,-0.955,0.261,0.185
1732908805739,2024-11-29T14.33.25.739,12.150,-0.956,0.260,0.183
1732908805749,2024-11-29T14.33.25.749,12.160,-0.956,0.260,0.185
1732908805759,2024-11-29T14.33.25.759,12.170,-0.955,0.260,0.189