epoc (ms),timestamp (-0500),elapsed (s),x-axis (deg/s),y-axis (deg/s),z-axis (deg/s)
1732904097227,2024-11-29T13.14.57.227,0.000,0.061,0.305,0.061
1732904097237,2024-11-29T13.14.57.237,0.010,-0.244,0.488,0.061
1732904097247,2024-11-29T13.14.57.247,0.020,-0.793,0.366,0.061
1732904097257,2024-11-29T13.14.57.257,0.030,-1.037,0.366,-0.244
1732904097267,2024-11-29T13.14.57.267,0.040,-1.220,0.244,-0.427
1732904097277,2024-11-29T13.14.57.277,0.050,-1.037,0.305,-0.488
1732904097287,2024-11-29T13.14.57.287,0.060,-0.854,0.610,-0.549
1732904097297,2024-11-29T13.14.57.297,0.070,-0.549,0.549,-0.549
1732904097307,2024-11-29T13.14.57.307,0.080,-0.427,0.488,-0.488
1732904097317,2024-11-29T13.14.57.317,0.090,-0.610,0.305,-0.488
1732904097327,2024-11-29T13.14.57.327,0.100,-0.793,-0.122,-0.549
1732904097337,2024-11-29T13.14.57.337,0.110,-1.159,-0.488,-0.549
1732904097347,2024-11-29T13.14.57.347,0.120,-1.402,-0.610,-0.366
1732904097357,2024-11-29T13.14.57.357,0.130,-1.524,-0.488,-0.183
1732904097367,2024-11-29T13.14.57.367,0.140,-1.768,-0.122,-0.183
1732904097377,2024-11-29T13.14.57.377,0.150,-1.890,-0.305,-0.244
1732904097387,2024-11-29T13.14.57.387,0.160,-1.707,-1.280,-0.183
1732904097397,2024-11-29T13.14.57.397,0.170,-1.341,-1.951,-0.244
1732904097407,2024-11-29T13.14.57.407,0.180,-0.671,-1.951,-0.244
1732904097417,2024-11-29T13.14.57.417,0.190,0.061,-1.890,-0.122
1732904097427,2024-11-29T13.14.57.427,0.200,0.610,-1.890,-0.061
1732904097437,2024-11-29T13.14.57.437,0.210,1.159,-1.585,0.000
1732904097447,2024-11-29T13.14.57.447,0.220,1.402,-1.585,0.000
1732904097457,2024-11-29T13.14.57.457,0.230,1.341,-1.524,0.061
1732904097467,2024-11-29T13.14.57.467,0.240,1.037,-1.280,0.061
1732904097477,2024-11-29T13.14.57.477,0.250,0.488,-0.793,-0.061
1732904097487,2024-11-29T13.14.57.487,0.260,-0.122,-0.305,-0.061
1732904097497,2024-11-29T13.14.57.497,0.270,-0.610,-0.183,0.000
1732904097507,2024-11-29T13.14.57.507,0.280,-0.854,-0.061,-0.061
1732904097517,2024-11-29T13.14.57.517,0.290,-0.854,0.244,-0.122
1732904097527,2024-11-29T13.14.57.527,0.300,-0.732,0.244,-0.366
1732904097537,2024-11-29T13.14.57.537,0.310,-0.427,0.366,-0.488
1732904097547,2024-11-29T13.14.57.547,0.320,-0.061,0.305,-0.610
1732904097557,2024-11-29T13.14.57.557,0.330,0.366,0.000,-0.610
1732904097567,2024-11-29T13.14.57.567,0.340,0.976,-0.122,-0.488
1732904097577,2024-11-29T13.14.57.577,0.350,1.341,0.000,-0.366
1732904097587,2024-11-29T13.14.57.587,0.360,1.646,0.244,-0.244
1732904097597,2024-11-29T13.14.57.597,0.370,1.707,0.244,-0.122
1732904097607,2024-11-29T13.14.57.607,0.380,1.524,0.488,-0.122
1732904097617,2024-11-29T13.14.57.617,0.390,1.220,0.671,-0.183
1732904097627,2024-11-29T13.14.57.627,0.400,0.854,0.732,-0.183
1732904097637,2024-11-29T13.14.57.637,0.410,0.488,0.854,-0.183
1732904097647,2024-11-29T13.14.57.647,0.420,0.305,1.159,0.061
1732904097657,2024-11-29T13.14.57.657,0.430,0.244,1.098,0.305
1732904097667,2024-11-29T13.14.57.667,0.440,0.122,1.098,0.305
1732904097677,2024-11-29T13.14.57.677,0.450,0.000,1.037,0.183
1732904097687,2024-11-29T13.14.57.687,0.460,0.122,0.732,-0.061
1732904097697,2024-11-29T13.14.57.697,0.470,0.305,0.610,-0.122
1732904097707,2024-11-29T13.14.57.707,0.480,0.427,0.610,-0.183
1732904097717,2024-11-29T13.14.57.717,0.490,0.366,0.366,-0.122
1732904097727,2024-11-29T13.14.57.727,0.500,0.305,0.061,0.244
1732904097737,2024-11-29T13.14.57.737,0.510,0.366,-0.427,0.488
1732904097747,2024-11-29T13.14.57.747,0.520,0.244,-0.610,0.610
1732904097757,2024-11-29T13.14.57.757,0.530,0.183,-0.671,0.732
1732904097767,2024-11-29T13.14.57.767,0.540,0.244,-0.671,0.549
1732904097777,2024-11-29T13.14.57.777,0.550,0.244,-0.793,0.427
1732904097787,2024-11-29T13.14.57.787,0.560,0.305,-0.732,0.366
1732904097797,2024-11-29T13.14.57.797,0.570,0.366,-0.671,0.366
1732904097807,2024-11-29T13.14.57.807,0.580,0.305,-0.610,0.305
1732904097817,2024-11-29T13.14.57.817,0.590,0.244,-0.671,0.122
1732904097827,2024-11-29T13.14.57.827,0.600,0.000,-0.427,-0.183
1732904097837,2024-11-29T13.14.57.837,0.610,-0.122,-0.183,-0.427
1732904097847,2024-11-29T13.14.57.847,0.620,-0.366,-0.122,-0.427
1732904097857,2024-11-29T13.14.57.857,0.630,-0.610,-0.061,-0.366
1732904097867,2024-11-29T13.14.57.867,0.640,-0.671,0.122,-0.366
1732904097877,2024-11-29T13.14.57.877,0.650,-0.610,0.488,-0.549
1732904097887,2024-11-29T13.14.57.887,0.660,-0.671,0.549,-0.732
1732904097897,2024-11-29T13.14.57.897,0.670,-0.671,0.305,-0.976
1732904097907,2024-11-29T13.14.57.907,0.680,-0.732,0.366,-1.098
1732904097917,2024-11-29T13.14.57.917,0.690,-0.671,0.244,-1.280
1732904097927,2024-11-29T13.14.57.927,0.700,-0.732,-0.549,-0.976
1732904097937,2024-11-29T13.14.57.937,0.710,-0.610,-1.585,-0.488
1732904097947,2024-11-29T13.14.57.947,0.720,-0.671,-1.768,-0.122
1732904097957,2024-11-29T13.14.57.957,0.730,-0.427,-1.707,0.000
1732904097967,2024-11-29T13.14.57.967,0.740,-0.244,-1.524,0.000
1732904097977,2024-11-29T13.14.57.977,0.750,-0.183,-1.159,-0.183
1732904097987,2024-11-29T13.14.57.987,0.760,-0.183,-0.549,-0.305
1732904097997,2024-11-29T13.14.57.997,0.770,-0.061,0.061,-0.610
1732904098007,2024-11-29T13.14.58.007,0.780,-0.183,-0.061,-0.671
1732904098017,2024-11-29T13.14.58.017,0.790,-0.366,-0.183,-0.732
1732904098027,2024-11-29T13.14.58.027,0.800,-0.366,0.000,-1.037
1732904098037,2024-11-29T13.14.58.037,0.810,-0.488,-0.122,-1.220
1732904098047,2024-11-29T13.14.58.047,0.820,-0.549,-0.366,-1.280
1732904098057,2024-11-29T13.14.58.057,0.830,-0.366,-0.305,-1.341
1732904098067,2024-11-29T13.14.58.067,0.840,-0.122,-0.366,-1.220
1732904098077,2024-11-29T13.14.58.077,0.850,-0.061,-0.366,-0.915
1732904098087,2024-11-29T13.14.58.087,0.860,0.061,-0.183,-0.793
1732904098097,2024-11-29T13.14.58.097,0.870,0.183,-0.122,-0.671
1732904098107,2024-11-29T13.14.58.107,0.880,0.305,0.000,-0.488
1732904098117,2024-11-29T13.14.58.117,0.890,0.366,0.000,-0.366
1732904098127,2024-11-29T13.14.58.127,0.900,0.366,-0.183,-0.305
1732904098137,2024-11-29T13.14.58.137,0.910,0.366,-0.183,0.000
1732904098147,2024-11-29T13.14.58.147,0.920,0.488,0.061,0.000
1732904098157,2024-11-29T13.14.58.157,0.930,0.366,0.366,0.000
1732904098167,2024-11-29T13.14.58.167,0.940,0.244,0.061,0.122
1732904098177,2024-11-29T13.14.58.177,0.950,0.244,-0.427,0.305
1732904098187,2024-11-29T13.14.58.187,0.960,0.488,-0.488,0.488
1732904098197,2024-11-29T13.14.58.197,0.970,0.732,-0.305,0.610
1732904098207,2024-11-29T13.14.58.207,0.980,0.915,-0.122,0.793
1732904098217,2024-11-29T13.14.58.217,0.990,0.976,0.061,0.976
1732904098227,2024-11-29T13.14.58.227,1.000,1.098,0.183,1.037
1732904098237,2024-11-29T13.14.58.237,1.010,1.037,0.244,0.976
1732904098247,2024-11-29T13.14.58.247,1.020,0.793,0.244,0.915
1732904098257,2024-11-29T13.14.58.257,1.030,0.488,0.244,0.549
1732904098267,2024-11-29T13.14.58.267,1.040,0.244,0.122,0.305
1732904098277,2024-11-29T13.14.58.277,1.050,0.061,-0.244,0.183
1732904098287,2024-11-29T13.14.58.287,1.060,-0.061,-0.488,0.061
1732904098297,2024-11-29T13.14.58.297,1.070,-0.122,-0.610,0.000
1732904098307,2024-11-29T13.14.58.307,1.080,-0.122,-0.671,0.122
1732904098317,2024-11-29T13.14.58.317,1.090,-0.183,-0.671,0.061
1732904098327,2024-11-29T13.14.58.327,1.100,-0.183,-0.488,-0.183
1732904098337,2024-11-29T13.14.58.337,1.110,-0.244,-0.427,-0.549
1732904098347,2024-11-29T13.14.58.347,1.120,-0.305,-0.488,-0.732
1732904098357,2024-11-29T13.14.58.357,1.130,-0.244,-0.610,-0.793
1732904098367,2024-11-29T13.14.58.367,1.140,-0.305,-0.549,-0.671
1732904098377,2024-11-29T13.14.58.377,1.150,-0.305,-0.610,-0.427
1732904098387,2024-11-29T13.14.58.387,1.160,-0.305,-0.671,-0.183
1732904098397,2024-11-29T13.14.58.397,1.170,-0.183,-0.549,-0.183
1732904098407,2024-11-29T13.14.58.407,1.180,0.000,-0.488,-0.244
1732904098417,2024-11-29T13.14.58.417,1.190,0.061,-0.427,-0.244
1732904098427,2024-11-29T13.14.58.427,1.200,0.122,-0.366,-0.244
1732904098437,2024-11-29T13.14.58.437,1.210,0.183,-0.305,0.000
1732904098447,2024-11-29T13.14.58.447,1.220,0.183,-0.366,0.244
1732904098457,2024-11-29T13.14.58.457,1.230,0.305,-0.427,0.488
1732904098467,2024-11-29T13.14.58.467,1.240,0.366,-0.305,0.732
1732904098477,2024-11-29T13.14.58.477,1.250,0.305,-0.244,0.671
1732904098487,2024-11-29T13.14.58.487,1.260,0.305,-0.244,0.671
1732904098497,2024-11-29T13.14.58.497,1.270,0.305,-0.244,0.671
1732904098507,2024-11-29T13.14.58.507,1.280,0.427,-0.366,0.915
1732904098517,2024-11-29T13.14.58.517,1.290,0.305,-0.305,0.976
1732904098527,2024-11-29T13.14.58.527,1.300,0.366,-0.305,1.159
1732904098537,2024-11-29T13.14.58.537,1.310,0.366,-0.488,1.402
1732904098547,2024-11-29T13.14.58.547,1.320,0.488,-0.488,1.341
1732904098557,2024-11-29T13.14.58.557,1.330,0.610,-0.427,1.220
1732904098567,2024-11-29T13.14.58.567,1.340,0.610,-0.488,1.098
1732904098577,2024-11-29T13.14.58.577,1.350,0.732,-0.549,0.976
1732904098587,2024-11-29T13.14.58.587,1.360,0.793,-0.732,0.976
1732904098597,2024-11-29T13.14.58.597,1.370,0.793,-0.854,0.732
1732904098607,2024-11-29T13.14.58.607,1.380,0.793,-0.732,0.549
1732904098617,2024-11-29T13.14.58.617,1.390,0.793,-0.610,0.427
1732904098627,2024-11-29T13.14.58.627,1.400,0.854,-0.427,0.183
1732904098637,2024-11-29T13.14.58.637,1.410,0.854,-0.244,-0.122
1732904098647,2024-11-29T13.14.58.647,1.420,0.793,-0.366,-0.366
1732904098657,2024-11-29T13.14.58.657,1.430,0.732,-1.280,-0.427
1732904098667,2024-11-29T13.14.58.667,1.440,0.854,-2.012,-0.305
1732904098677,2024-11-29T13.14.58.677,1.450,0.793,-2.500,-0.122
1732904098687,2024-11-29T13.14.58.687,1.460,0.854,-3.293,0.000
1732904098697,2024-11-29T13.14.58.697,1.470,0.976,-3.841,0.244
1732904098707,2024-11-29T13.14.58.707,1.480,1.098,-4.268,0.427
1732904098717,2024-11-29T13.14.58.717,1.490,1.280,-4.817,0.427
1732904098727,2024-11-29T13.14.58.727,1.500,1.037,-5.793,0.366
1732904098737,2024-11-29T13.14.58.737,1.510,0.610,-7.012,0.244
1732904098747,2024-11-29T13.14.58.747,1.520,0.183,-7.927,0.244
1732904098757,2024-11-29T13.14.58.757,1.530,-0.305,-8.110,-0.061
1732904098767,2024-11-29T13.14.58.767,1.540,-0.793,-8.659,-0.305
1732904098777,2024-11-29T13.14.58.777,1.550,-1.280,-9.451,-0.549
1732904098787,2024-11-29T13.14.58.787,1.560,-1.585,-9.695,-0.854
1732904098797,2024-11-29T13.14.58.797,1.570,-1.829,-10.305,-1.280
1732904098807,2024-11-29T13.14.58.807,1.580,-1.951,-11.280,-1.585
1732904098817,2024-11-29T13.14.58.817,1.590,-1.951,-12.439,-2.134
1732904098827,2024-11-29T13.14.58.827,1.600,-1.768,-13.963,-2.744
1732904098837,2024-11-29T13.14.58.837,1.610,-1.524,-15.915,-3.415
1732904098847,2024-11-29T13.14.58.847,1.620,-1.280,-18.171,-4.024
1732904098857,2024-11-29T13.14.58.857,1.630,-1.037,-20.610,-4.756
1732904098867,2024-11-29T13.14.58.867,1.640,-0.732,-23.293,-5.732
1732904098877,2024-11-29T13.14.58.877,1.650,-0.488,-26.646,-6.951
1732904098887,2024-11-29T13.14.58.887,1.660,-0.671,-30.427,-7.988
1732904098897,2024-11-29T13.14.58.897,1.670,-1.098,-33.476,-9.329
1732904098907,2024-11-29T13.14.58.907,1.680,-1.585,-35.549,-10.915
1732904098917,2024-11-29T13.14.58.917,1.690,-2.134,-37.866,-12.256
1732904098927,2024-11-29T13.14.58.927,1.700,-2.866,-40.305,-13.049
1732904098937,2024-11-29T13.14.58.937,1.710,-3.598,-42.256,-13.720
1732904098947,2024-11-29T13.14.58.947,1.720,-4.268,-44.024,-14.207
1732904098957,2024-11-29T13.14.58.957,1.730,-5.366,-46.159,-14.390
1732904098967,2024-11-29T13.14.58.967,1.740,-6.280,-48.841,-14.207
1732904098977,2024-11-29T13.14.58.977,1.750,-7.073,-51.463,-13.720
1732904098987,2024-11-29T13.14.58.987,1.760,-8.049,-54.207,-12.927
1732904098997,2024-11-29T13.14.58.997,1.770,-9.085,-57.378,-11.890
1732904099007,2024-11-29T13.14.59.007,1.780,-9.878,-60.671,-10.854
1732904099017,2024-11-29T13.14.59.017,1.790,-10.427,-63.780,-10.122
1732904099027,2024-11-29T13.14.59.027,1.800,-10.854,-67.134,-9.634
1732904099037,2024-11-29T13.14.59.037,1.810,-10.976,-70.549,-9.146
1732904099047,2024-11-29T13.14.59.047,1.820,-10.915,-73.476,-8.293
1732904099057,2024-11-29T13.14.59.057,1.830,-10.488,-75.000,-7.073
1732904099067,2024-11-29T13.14.59.067,1.840,-9.634,-75.488,-5.793
1732904099077,2024-11-29T13.14.59.077,1.850,-8.841,-76.159,-4.451
1732904099087,2024-11-29T13.14.59.087,1.860,-8.049,-77.744,-3.293
1732904099097,2024-11-29T13.14.59.097,1.870,-7.561,-79.512,-2.500
1732904099107,2024-11-29T13.14.59.107,1.880,-7.256,-81.220,-1.768
1732904099117,2024-11-29T13.14.59.117,1.890,-7.256,-81.951,-0.488
1732904099127,2024-11-29T13.14.59.127,1.900,-7.439,-82.012,0.915
1732904099137,2024-11-29T13.14.59.137,1.910,-7.805,-82.805,2.988
1732904099147,2024-11-29T13.14.59.147,1.920,-8.232,-84.085,5.915
1732904099157,2024-11-29T13.14.59.157,1.930,-8.598,-85.305,8.049
1732904099167,2024-11-29T13.14.59.167,1.940,-8.780,-87.256,9.878
1732904099177,2024-11-29T13.14.59.177,1.950,-8.841,-89.573,11.098
1732904099187,2024-11-29T13.14.59.187,1.960,-8.598,-91.402,11.098
1732904099197,2024-11-29T13.14.59.197,1.970,-8.232,-94.024,10.183
1732904099207,2024-11-29T13.14.59.207,1.980,-7.988,-97.988,8.476
1732904099217,2024-11-29T13.14.59.217,1.990,-7.134,-102.195,5.915
1732904099227,2024-11-29T13.14.59.227,2.000,-5.610,-107.256,3.232
1732904099237,2024-11-29T13.14.59.237,2.010,-3.415,-112.134,1.463
1732904099247,2024-11-29T13.14.59.247,2.020,-0.915,-114.756,-0.793
1732904099257,2024-11-29T13.14.59.257,2.030,1.707,-115.244,-2.927
1732904099267,2024-11-29T13.14.59.267,2.040,3.963,-113.780,-4.817
1732904099277,2024-11-29T13.14.59.277,2.050,6.037,-110.854,-7.622
1732904099287,2024-11-29T13.14.59.287,2.060,8.110,-108.720,-9.817
1732904099297,2024-11-29T13.14.59.297,2.070,10.305,-104.756,-11.951
1732904099307,2024-11-29T13.14.59.307,2.080,13.049,-96.341,-14.573
1732904099317,2024-11-29T13.14.59.317,2.090,16.159,-86.402,-16.768
1732904099327,2024-11-29T13.14.59.327,2.100,18.659,-78.232,-18.293
1732904099337,2024-11-29T13.14.59.337,2.110,20.244,-70.915,-19.451
1732904099347,2024-11-29T13.14.59.347,2.120,20.732,-62.927,-19.817
1732904099357,2024-11-29T13.14.59.357,2.130,20.244,-52.866,-19.390
1732904099367,2024-11-29T13.14.59.367,2.140,18.720,-42.012,-17.988
1732904099377,2024-11-29T13.14.59.377,2.150,16.402,-31.951,-15.488
1732904099387,2024-11-29T13.14.59.387,2.160,14.146,-22.256,-12.195
1732904099397,2024-11-29T13.14.59.397,2.170,12.622,-12.439,-8.720
1732904099407,2024-11-29T13.14.59.407,2.180,11.098,-3.841,-5.793
1732904099417,2024-11-29T13.14.59.417,2.190,9.451,2.744,-3.476
1732904099427,2024-11-29T13.14.59.427,2.200,7.561,7.927,-2.134
1732904099437,2024-11-29T13.14.59.437,2.210,5.122,12.805,-2.256
1732904099447,2024-11-29T13.14.59.447,2.220,2.134,16.829,-2.744
1732904099457,2024-11-29T13.14.59.457,2.230,-1.159,19.817,-2.988
1732904099467,2024-11-29T13.14.59.467,2.240,-4.451,22.622,-2.866
1732904099477,2024-11-29T13.14.59.477,2.250,-7.256,25.549,-2.195
1732904099487,2024-11-29T13.14.59.487,2.260,-9.329,28.049,-1.159
1732904099497,2024-11-29T13.14.59.497,2.270,-10.732,30.244,-0.122
1732904099507,2024-11-29T13.14.59.507,2.280,-11.159,33.049,0.671
1732904099517,2024-11-29T13.14.59.517,2.290,-10.488,35.854,1.037
1732904099527,2024-11-29T13.14.59.527,2.300,-8.902,37.927,0.976
1732904099537,2024-11-29T13.14.59.537,2.310,-6.707,39.451,0.549
1732904099547,2024-11-29T13.14.59.547,2.320,-4.146,41.585,-0.305
1732904099557,2024-11-29T13.14.59.557,2.330,-1.585,43.841,-1.524
1732904099567,2024-11-29T13.14.59.567,2.340,0.915,45.793,-2.866
1732904099577,2024-11-29T13.14.59.577,2.350,3.232,47.988,-3.963
1732904099587,2024-11-29T13.14.59.587,2.360,5.488,50.671,-4.451
1732904099597,2024-11-29T13.14.59.597,2.370,7.683,53.598,-4.573
1732904099607,2024-11-29T13.14.59.607,2.380,9.634,56.707,-4.207
1732904099617,2024-11-29T13.14.59.617,2.390,11.402,60.122,-3.537
1732904099627,2024-11-29T13.14.59.627,2.400,12.988,63.659,-2.683
1732904099637,2024-11-29T13.14.59.637,2.410,14.512,67.195,-1.768
1732904099647,2024-11-29T13.14.59.647,2.420,15.610,70.061,-1.037
1732904099657,2024-11-29T13.14.59.657,2.430,16.402,72.439,-0.488
1732904099667,2024-11-29T13.14.59.667,2.440,16.951,75.061,-0.183
1732904099677,2024-11-29T13.14.59.677,2.450,17.073,78.049,0.122
1732904099687,2024-11-29T13.14.59.687,2.460,16.829,81.463,0.244
1732904099697,2024-11-29T13.14.59.697,2.470,16.341,84.878,0.549
1732904099707,2024-11-29T13.14.59.707,2.480,15.671,88.171,0.915
1732904099717,2024-11-29T13.14.59.717,2.490,14.939,90.610,1.524
1732904099727,2024-11-29T13.14.59.727,2.500,14.146,92.500,2.500
1732904099737,2024-11-29T13.14.59.737,2.510,13.110,94.573,3.659
1732904099747,2024-11-29T13.14.59.747,2.520,11.890,96.280,4.878
1732904099757,2024-11-29T13.14.59.757,2.530,10.244,98.293,6.646
1732904099767,2024-11-29T13.14.59.767,2.540,7.744,102.439,8.537
1732904099777,2024-11-29T13.14.59.777,2.550,4.695,108.659,10.488
1732904099787,2024-11-29T13.14.59.787,2.560,1.463,115.061,12.439
1732904099797,2024-11-29T13.14.59.797,2.570,-1.707,118.659,14.695
1732904099807,2024-11-29T13.14.59.807,2.580,-4.756,116.829,17.378
1732904099817,2024-11-29T13.14.59.817,2.590,-8.110,112.134,19.878
1732904099827,2024-11-29T13.14.59.827,2.600,-11.280,108.841,21.463
1732904099837,2024-11-29T13.14.59.837,2.610,-13.902,107.500,21.585
1732904099847,2024-11-29T13.14.59.847,2.620,-16.098,105.854,21.037
1732904099857,2024-11-29T13.14.59.857,2.630,-17.744,102.927,20.366
1732904099867,2024-11-29T13.14.59.867,2.640,-18.415,100.122,19.390
1732904099877,2024-11-29T13.14.59.877,2.650,-17.683,97.073,18.659
1732904099887,2024-11-29T13.14.59.887,2.660,-16.402,92.500,18.720
1732904099897,2024-11-29T13.14.59.897,2.670,-15.000,86.951,19.573
1732904099907,2024-11-29T13.14.59.907,2.680,-13.232,82.317,19.695
1732904099917,2024-11-29T13.14.59.917,2.690,-11.220,78.110,19.329
1732904099927,2024-11-29T13.14.59.927,2.700,-9.268,73.415,18.659
1732904099937,2024-11-29T13.14.59.937,2.710,-7.378,67.988,18.171
1732904099947,2024-11-29T13.14.59.947,2.720,-5.427,62.805,17.988
1732904099957,2024-11-29T13.14.59.957,2.730,-3.537,58.963,17.134
1732904099967,2024-11-29T13.14.59.967,2.740,-1.646,56.159,15.671
1732904099977,2024-11-29T13.14.59.977,2.750,0.061,52.927,14.268
1732904099987,2024-11-29T13.14.59.987,2.760,1.341,48.476,13.232
1732904099997,2024-11-29T13.14.59.997,2.770,2.561,43.659,12.195
1732904100007,2024-11-29T13.15.00.007,2.780,3.598,38.780,11.280
1732904100017,2024-11-29T13.15.00.017,2.790,4.146,33.293,10.976
1732904100027,2024-11-29T13.15.00.027,2.800,4.573,27.988,10.793
1732904100037,2024-11-29T13.15.00.037,2.810,4.756,23.293,10.305
1732904100047,2024-11-29T13.15.00.047,2.820,4.512,19.085,10.000
1732904100057,2024-11-29T13.15.00.057,2.830,4.146,15.366,9.756
1732904100067,2024-11-29T13.15.00.067,2.840,3.415,12.744,9.207
1732904100077,2024-11-29T13.15.00.077,2.850,2.683,11.220,8.537
1732904100087,2024-11-29T13.15.00.087,2.860,1.829,9.634,7.988
1732904100097,2024-11-29T13.15.00.097,2.870,0.610,7.256,7.744
1732904100107,2024-11-29T13.15.00.107,2.880,-0.732,5.000,7.744
1732904100117,2024-11-29T13.15.00.117,2.890,-1.890,3.293,7.561
1732904100127,2024-11-29T13.15.00.127,2.900,-2.866,2.256,7.012
1732904100137,2024-11-29T13.15.00.137,2.910,-3.720,0.976,6.159
1732904100147,2024-11-29T13.15.00.147,2.920,-4.634,-0.854,5.549
1732904100157,2024-11-29T13.15.00.157,2.930,-5.122,-2.439,5.000
1732904100167,2024-11-29T13.15.00.167,2.940,-5.488,-3.354,4.329
1732904100177,2024-11-29T13.15.00.177,2.950,-5.793,-3.598,3.841
1732904100187,2024-11-29T13.15.00.187,2.960,-5.793,-3.780,3.415
1732904100197,2024-11-29T13.15.00.197,2.970,-5.732,-4.146,3.049
1732904100207,2024-11-29T13.15.00.207,2.980,-5.488,-4.695,2.805
1732904100217,2024-11-29T13.15.00.217,2.990,-5.061,-5.305,2.561
1732904100227,2024-11-29T13.15.00.227,3.000,-4.756,-5.976,2.195
1732904100237,2024-11-29T13.15.00.237,3.010,-4.268,-6.707,1.951
1732904100247,2024-11-29T13.15.00.247,3.020,-3.720,-7.195,1.707
1732904100257,2024-11-29T13.15.00.257,3.030,-2.988,-7.500,1.524
1732904100267,2024-11-29T13.15.00.267,3.040,-2.317,-7.683,1.341
1732904100277,2024-11-29T13.15.00.277,3.050,-1.707,-7.683,1.280
1732904100287,2024-11-29T13.15.00.287,3.060,-1.220,-7.683,1.341
1732904100297,2024-11-29T13.15.00.297,3.070,-0.610,-7.683,1.463
1732904100307,2024-11-29T13.15.00.307,3.080,-0.061,-7.805,1.463
1732904100317,2024-11-29T13.15.00.317,3.090,0.488,-8.659,1.524
1732904100327,2024-11-29T13.15.00.327,3.100,1.159,-9.939,1.707
1732904100337,2024-11-29T13.15.00.337,3.110,1.768,-11.402,1.951
1732904100347,2024-11-29T13.15.00.347,3.120,2.439,-12.683,2.378
1732904100357,2024-11-29T13.15.00.357,3.130,2.927,-13.049,2.805
1732904100367,2024-11-29T13.15.00.367,3.140,3.232,-12.622,3.110
1732904100377,2024-11-29T13.15.00.377,3.150,3.659,-12.195,3.354
1732904100387,2024-11-29T13.15.00.387,3.160,3.902,-12.012,3.537
1732904100397,2024-11-29T13.15.00.397,3.170,4.085,-11.585,3.537
1732904100407,2024-11-29T13.15.00.407,3.180,4.085,-10.915,3.415
1732904100417,2024-11-29T13.15.00.417,3.190,3.902,-10.061,3.110
1732904100427,2024-11-29T13.15.00.427,3.200,3.902,-8.902,2.500
1732904100437,2024-11-29T13.15.00.437,3.210,3.659,-7.744,1.768
1732904100447,2024-11-29T13.15.00.447,3.220,3.293,-6.707,1.159
1732904100457,2024-11-29T13.15.00.457,3.230,2.988,-5.732,0.427
1732904100467,2024-11-29T13.15.00.467,3.240,2.744,-5.183,-0.183
1732904100477,2024-11-29T13.15.00.477,3.250,2.256,-4.573,-0.549
1732904100487,2024-11-29T13.15.00.487,3.260,1.707,-3.720,-1.037
1732904100497,2024-11-29T13.15.00.497,3.270,1.341,-3.171,-1.402
1732904100507,2024-11-29T13.15.00.507,3.280,0.854,-2.866,-1.768
1732904100517,2024-11-29T13.15.00.517,3.290,0.427,-2.439,-2.134
1732904100527,2024-11-29T13.15.00.527,3.300,0.061,-2.317,-2.256
1732904100537,2024-11-29T13.15.00.537,3.310,-0.122,-2.317,-2.378
1732904100547,2024-11-29T13.15.00.547,3.320,-0.244,-2.012,-2.500
1732904100557,2024-11-29T13.15.00.557,3.330,-0.244,-1.524,-2.561
1732904100567,2024-11-29T13.15.00.567,3.340,-0.244,-1.098,-2.805
1732904100577,2024-11-29T13.15.00.577,3.350,0.000,-0.915,-2.988
1732904100587,2024-11-29T13.15.00.587,3.360,0.244,-1.098,-2.988
1732904100597,2024-11-29T13.15.00.597,3.370,0.427,-1.220,-2.927
1732904100607,2024-11-29T13.15.00.607,3.380,0.671,-1.159,-2.805
1732904100617,2024-11-29T13.15.00.617,3.390,0.915,-0.976,-2.866
1732904100627,2024-11-29T13.15.00.627,3.400,0.915,-0.793,-2.866
1732904100637,2024-11-29T13.15.00.637,3.410,0.732,-0.427,-2.988
1732904100647,2024-11-29T13.15.00.647,3.420,0.610,-0.122,-3.110
1732904100657,2024-11-29T13.15.00.657,3.430,0.488,0.061,-3.232
1732904100667,2024-11-29T13.15.00.667,3.440,0.305,0.305,-3.232
1732904100677,2024-11-29T13.15.00.677,3.450,0.000,0.427,-3.232
1732904100687,2024-11-29T13.15.00.687,3.460,-0.244,0.610,-3.171
1732904100697,2024-11-29T13.15.00.697,3.470,-0.244,0.854,-3.110
1732904100707,2024-11-29T13.15.00.707,3.480,-0.427,0.915,-3.110
1732904100717,2024-11-29T13.15.00.717,3.490,-0.427,0.854,-3.049
1732904100727,2024-11-29T13.15.00.727,3.500,-0.366,0.854,-3.049
1732904100737,2024-11-29T13.15.00.737,3.510,-0.305,0.854,-2.805
1732904100747,2024-11-29T13.15.00.747,3.520,-0.305,0.793,-2.744
1732904100757,2024-11-29T13.15.00.757,3.530,-0.366,0.854,-2.500
1732904100767,2024-11-29T13.15.00.767,3.540,-0.488,0.976,-2.378
1732904100777,2024-11-29T13.15.00.777,3.550,-0.549,0.915,-2.378
1732904100787,2024-11-29T13.15.00.787,3.560,-0.549,0.610,-2.256
1732904100797,2024-11-29T13.15.00.797,3.570,-0.549,0.244,-2.073
1732904100807,2024-11-29T13.15.00.807,3.580,-0.488,0.183,-1.890
1732904100817,2024-11-29T13.15.00.817,3.590,-0.244,0.122,-1.646
1732904100827,2024-11-29T13.15.00.827,3.600,-0.061,-0.244,-1.220
1732904100837,2024-11-29T13.15.00.837,3.610,0.122,-0.366,-0.976
1732904100847,2024-11-29T13.15.00.847,3.620,0.427,-0.549,-0.854
1732904100857,2024-11-29T13.15.00.857,3.630,0.366,-0.610,-0.793
1732904100867,2024-11-29T13.15.00.867,3.640,0.366,-0.732,-0.915
1732904100877,2024-11-29T13.15.00.877,3.650,0.488,-0.976,-0.854
1732904100887,2024-11-29T13.15.00.887,3.660,0.427,-1.037,-0.732
1732904100897,2024-11-29T13.15.00.897,3.670,0.427,-0.976,-0.793
1732904100907,2024-11-29T13.15.00.907,3.680,0.427,-1.098,-0.854
1732904100917,2024-11-29T13.15.00.917,3.690,0.488,-1.402,-0.915
1732904100927,2024-11-29T13.15.00.927,3.700,0.671,-1.768,-0.793
1732904100937,2024-11-29T13.15.00.937,3.710,0.793,-1.829,-0.732
1732904100947,2024-11-29T13.15.00.947,3.720,0.976,-2.134,-0.915
1732904100957,2024-11-29T13.15.00.957,3.730,0.976,-2.622,-0.793
1732904100967,2024-11-29T13.15.00.967,3.740,1.280,-3.049,-0.610
1732904100977,2024-11-29T13.15.00.977,3.750,1.463,-3.293,-0.427
1732904100987,2024-11-29T13.15.00.987,3.760,1.646,-3.415,-0.122
1732904100997,2024-11-29T13.15.00.997,3.770,1.829,-3.232,0.244
1732904101007,2024-11-29T13.15.01.007,3.780,2.012,-3.110,0.549
1732904101017,2024-11-29T13.15.01.017,3.790,1.890,-2.988,0.793
1732904101027,2024-11-29T13.15.01.027,3.800,1.890,-2.439,0.854
1732904101037,2024-11-29T13.15.01.037,3.810,1.829,-1.951,0.854
1732904101047,2024-11-29T13.15.01.047,3.820,1.524,-1.463,0.671
1732904101057,2024-11-29T13.15.01.057,3.830,1.159,-1.037,0.549
1732904101067,2024-11-29T13.15.01.067,3.840,0.793,-0.671,0.305
1732904101077,2024-11-29T13.15.01.077,3.850,0.427,-0.366,0.244
1732904101087,2024-11-29T13.15.01.087,3.860,0.244,-0.366,0.183
1732904101097,2024-11-29T13.15.01.097,3.870,0.061,-0.305,0.244
1732904101107,2024-11-29T13.15.01.107,3.880,-0.061,-0.122,0.305
1732904101117,2024-11-29T13.15.01.117,3.890,-0.061,0.061,0.366
1732904101127,2024-11-29T13.15.01.127,3.900,0.122,0.305,0.305
1732904101137,2024-11-29T13.15.01.137,3.910,0.305,0.366,0.244
1732904101147,2024-11-29T13.15.01.147,3.920,0.488,0.366,0.122
1732904101157,2024-11-29T13.15.01.157,3.930,0.610,0.244,0.061
1732904101167,2024-11-29T13.15.01.167,3.940,0.610,0.244,0.061
1732904101177,2024-11-29T13.15.01.177,3.950,0.610,0.549,-0.061
1732904101187,2024-11-29T13.15.01.187,3.960,0.610,0.732,-0.366
1732904101197,2024-11-29T13.15.01.197,3.970,0.305,0.427,-0.488
1732904101207,2024-11-29T13.15.01.207,3.980,0.244,-0.122,-0.610
1732904101217,2024-11-29T13.15.01.217,3.990,0.244,0.061,-0.915
1732904101227,2024-11-29T13.15.01.227,4.000,0.122,0.183,-0.976
1732904101237,2024-11-29T13.15.01.237,4.010,0.061,0.000,-0.915
1732904101247,2024-11-29T13.15.01.247,4.020,0.183,0.183,-0.976
1732904101257,2024-11-29T13.15.01.257,4.030,0.305,0.305,-1.037
1732904101267,2024-11-29T13.15.01.267,4.040,0.488,0.305,-0.854
1732904101277,2024-11-29T13.15.01.277,4.050,0.488,0.305,-0.732
1732904101287,2024-11-29T13.15.01.287,4.060,0.488,0.122,-0.793
1732904101297,2024-11-29T13.15.01.297,4.070,0.488,-0.061,-0.854